[
 {
  "duration": 10, 
  "Text": "January, 2014", 
  "InteractionType": "Search", 
  "ID": 0, 
  "time": 487
 }, 
 {
  "duration": 10, 
  "Text": "Jan 2014", 
  "InteractionType": "Search", 
  "ID": 0, 
  "time": 739
 }, 
 {
  "duration": 7, 
  "Text": "Disappearance 149", 
  "InteractionType": "Mouse_hover", 
  "ID": "Disappearance 149", 
  "time": 1036
 }, 
 {
  "duration": 8, 
  "Text": "Disappearance 149", 
  "InteractionType": "Mouse_hover", 
  "ID": "Disappearance 149", 
  "time": 1049
 }, 
 {
  "duration": 16, 
  "Text": "Disappearance 149", 
  "InteractionType": "Draging", 
  "ID": "Disappearance 149", 
  "time": 1058
 }, 
 {
  "duration": 9, 
  "Text": "Disappearance 151", 
  "InteractionType": "Mouse_hover", 
  "ID": "Disappearance 151", 
  "time": 1075
 }, 
 {
  "duration": 14, 
  "Text": "Disappearance 151", 
  "InteractionType": "Draging", 
  "ID": "Disappearance 151", 
  "time": 1085
 }, 
 {
  "duration": 6, 
  "Text": "Disappearance 26", 
  "InteractionType": "Mouse_hover", 
  "ID": "Disappearance 26", 
  "time": 1101
 }, 
 {
  "duration": 11, 
  "Text": "Disappearance 26", 
  "InteractionType": "Draging", 
  "ID": "Disappearance 26", 
  "time": 1108
 }, 
 {
  "duration": 10, 
  "Text": "Disappearance 51", 
  "InteractionType": "Draging", 
  "ID": "Disappearance 51", 
  "time": 1126
 }, 
 {
  "duration": 8, 
  "Text": "Disappearance 25", 
  "InteractionType": "Mouse_hover", 
  "ID": "Disappearance 25", 
  "time": 1137
 }, 
 {
  "duration": 18, 
  "Text": "Disappearance 25", 
  "InteractionType": "Draging", 
  "ID": "Disappearance 25", 
  "time": 1146
 }, 
 {
  "duration": 17, 
  "Text": "Disappearance 76", 
  "InteractionType": "Draging", 
  "ID": "Disappearance 76", 
  "time": 1173
 }, 
 {
  "duration": 23, 
  "Text": "Disappearance 101", 
  "InteractionType": "Draging", 
  "ID": "Disappearance 101", 
  "time": 1197
 }, 
 {
  "duration": 14, 
  "Text": "Disappearance 150", 
  "InteractionType": "Draging", 
  "ID": "Disappearance 150", 
  "time": 1227
 }, 
 {
  "duration": 15, 
  "Text": "Disappearance 25", 
  "InteractionType": "Mouse_hover", 
  "ID": "Disappearance 25", 
  "time": 1275
 }, 
 {
  "duration": 24, 
  "Text": "Disappearance 25", 
  "InteractionType": "Draging", 
  "ID": "Disappearance 25", 
  "time": 1291
 }, 
 {
  "duration": 16, 
  "Text": "Disappearance 25", 
  "InteractionType": "Mouse_hover", 
  "ID": "Disappearance 25", 
  "time": 1322
 }, 
 {
  "duration": 2126, 
  "Text": "Disappearance 25", 
  "InteractionType": "Doc_open", 
  "ID": "Disappearance 25", 
  "time": 1347
 }, 
 {
  "duration": 1272, 
  "Text": "Disappearance 25", 
  "InteractionType": "Reading", 
  "ID": "Disappearance 25", 
  "time": 1348
 }, 
 {
  "duration": 10, 
  "Text": "Still reading the last article", 
  "InteractionType": "Think_aloud", 
  "ID": 0, 
  "time": 1857
 }, 
 {
  "duration": 10, 
  "Text": "It's about removing of the employees. POK was requesting $20M from the company. It may be additional request from them which is not specified yet", 
  "InteractionType": "Think_aloud", 
  "ID": 0, 
  "time": 2107
 }, 
 {
  "duration": 0, 
  "Text": " (Trying to find the root of the events) [bottom-up]", 
  "InteractionType": "Topic_change", 
  "ID": "bottom-up", 
  "time": 2457
 }, 
 {
  "duration": 10, 
  "Text": "Still reading the last article", 
  "InteractionType": "Think_aloud", 
  "ID": 0, 
  "time": 2487
 }, 
 {
  "duration": 10, 
  "Text": "The local organizations of news received a note of ransom of the claiming responsibility and to require POK $20 million the company", 
  "InteractionType": "Highlight", 
  "ID": "", 
  "time": 2637
 }, 
 {
  "duration": 307, 
  "Text": "Disappearance 25", 
  "InteractionType": "Reading", 
  "ID": "Disappearance 25", 
  "time": 2638
 }, 
 {
  "duration": 10, 
  "Text": "Tethan", 
  "InteractionType": "Search", 
  "ID": 0, 
  "time": 2967
 }, 
 {
  "duration": 49, 
  "Text": "Disappearance 25", 
  "InteractionType": "Reading", 
  "ID": "Disappearance 25", 
  "time": 2970
 }, 
 {
  "duration": 9, 
  "Text": "Disappearance 75", 
  "InteractionType": "Mouse_hover", 
  "ID": "Disappearance 75", 
  "time": 3036
 }, 
 {
  "duration": 39, 
  "Text": "Disappearance 75", 
  "InteractionType": "Draging", 
  "ID": "Disappearance 75", 
  "time": 3046
 }, 
 {
  "duration": 6, 
  "Text": "Disappearance 74", 
  "InteractionType": "Mouse_hover", 
  "ID": "Disappearance 74", 
  "time": 3092
 }, 
 {
  "duration": 24, 
  "Text": "Disappearance 73", 
  "InteractionType": "Mouse_hover", 
  "ID": "Disappearance 73", 
  "time": 3098
 }, 
 {
  "duration": 32, 
  "Text": "Disappearance 46", 
  "InteractionType": "Mouse_hover", 
  "ID": "Disappearance 46", 
  "time": 3124
 }, 
 {
  "duration": 141, 
  "Text": "Disappearance 25", 
  "InteractionType": "Reading", 
  "ID": "Disappearance 25", 
  "time": 3163
 }, 
 {
  "duration": 63, 
  "Text": "Disappearance 4", 
  "InteractionType": "Mouse_hover", 
  "ID": "Disappearance 4", 
  "time": 3341
 }, 
 {
  "duration": 24, 
  "Text": "Disappearance 4", 
  "InteractionType": "Draging", 
  "ID": "Disappearance 4", 
  "time": 3405
 }, 
 {
  "duration": 2277, 
  "Text": "Disappearance 4", 
  "InteractionType": "Doc_open", 
  "ID": "Disappearance 4", 
  "time": 3448
 }, 
 {
  "duration": 5, 
  "Text": "Disappearance 4", 
  "InteractionType": "Reading", 
  "ID": "Disappearance 4", 
  "time": 3449
 }, 
 {
  "duration": 5, 
  "Text": "Disappearance 4", 
  "InteractionType": "Reading", 
  "ID": "Disappearance 4", 
  "time": 3481
 }, 
 {
  "duration": 9, 
  "Text": "Disappearance 25", 
  "InteractionType": "Mouse_hover", 
  "ID": "Disappearance 25", 
  "time": 3485
 }, 
 {
  "duration": 5, 
  "Text": "Disappearance 25", 
  "InteractionType": "Doc_open", 
  "ID": "Disappearance 25", 
  "time": 3495
 }, 
 {
  "duration": 131, 
  "Text": "Disappearance 25", 
  "InteractionType": "Doc_open", 
  "ID": "Disappearance 25", 
  "time": 3545
 }, 
 {
  "duration": 10, 
  "Text": "the personnel of the ministry of Tethan of the Foreign Affairs arrived in Kronos to help the police force in research.", 
  "InteractionType": "Highlight", 
  "ID": "Disappearance 25", 
  "time": 3662
 }, 
 {
  "duration": 5, 
  "Text": "Disappearance 25", 
  "InteractionType": "Doc_open", 
  "ID": "Disappearance 25", 
  "time": 3688
 }, 
 {
  "duration": 7, 
  "Text": "Disappearance 4", 
  "InteractionType": "Reading", 
  "ID": "Disappearance 4", 
  "time": 3696
 }, 
 {
  "duration": 12, 
  "Text": "Disappearance 4", 
  "InteractionType": "Draging", 
  "ID": "Disappearance 4", 
  "time": 3701
 }, 
 {
  "duration": 0, 
  "Text": " (Learning about the events leading to kidnapping) [bottom-up]", 
  "InteractionType": "Topic_change", 
  "ID": "bottom-up", 
  "time": 3717
 }, 
 {
  "duration": 10, 
  "Text": " 21 January 2014", 
  "InteractionType": "Highlight", 
  "ID": "Disappearance 4", 
  "time": 3957
 }, 
 {
  "duration": 494, 
  "Text": "Disappearance 4", 
  "InteractionType": "Reading", 
  "ID": "Disappearance 4", 
  "time": 3958
 }, 
 {
  "duration": 10, 
  "Text": "Still reading the last article", 
  "InteractionType": "Think_aloud", 
  "ID": 0, 
  "time": 4357
 }, 
 {
  "duration": 10, 
  "Text": " A fire alarm went off, and the execs were discovered missing shortly after that.", 
  "InteractionType": "Highlight", 
  "ID": "Disappearance 4", 
  "time": 4464
 }, 
 {
  "duration": 426, 
  "Text": "Disappearance 4", 
  "InteractionType": "Reading", 
  "ID": "Disappearance 4", 
  "time": 4466
 }, 
 {
  "duration": 6, 
  "Text": "Disappearance 4", 
  "InteractionType": "Reading", 
  "ID": "Disappearance 4", 
  "time": 4903
 }, 
 {
  "duration": 10, 
  "Text": "So the fire alarm went off. let see if I can find any information regarding the fire alarm and the time that happend", 
  "InteractionType": "Think_aloud", 
  "ID": 0, 
  "time": 4907
 }, 
 {
  "duration": 5, 
  "Text": "Disappearance 4", 
  "InteractionType": "Reading", 
  "ID": "Disappearance 4", 
  "time": 4920
 }, 
 {
  "duration": 166, 
  "Text": "Disappearance 4", 
  "InteractionType": "Reading", 
  "ID": "Disappearance 4", 
  "time": 4927
 }, 
 {
  "duration": 103, 
  "Text": "Disappearance 4", 
  "InteractionType": "Reading", 
  "ID": "Disappearance 4", 
  "time": 5108
 }, 
 {
  "duration": 10, 
  "Text": "fire alarm", 
  "InteractionType": "Search", 
  "ID": 0, 
  "time": 5227
 }, 
 {
  "duration": 14, 
  "Text": "Disappearance 4", 
  "InteractionType": "Reading", 
  "ID": "Disappearance 4", 
  "time": 5229
 }, 
 {
  "duration": 20, 
  "Text": "Disappearance 91", 
  "InteractionType": "Mouse_hover", 
  "ID": "Disappearance 91", 
  "time": 5251
 }, 
 {
  "duration": 24, 
  "Text": "Disappearance 96", 
  "InteractionType": "Mouse_hover", 
  "ID": "Disappearance 96", 
  "time": 5277
 }, 
 {
  "duration": 84, 
  "Text": "Disappearance 79", 
  "InteractionType": "Mouse_hover", 
  "ID": "Disappearance 79", 
  "time": 5308
 }, 
 {
  "duration": 17, 
  "Text": "Disappearance 79", 
  "InteractionType": "Mouse_hover", 
  "ID": "Disappearance 79", 
  "time": 5425
 }, 
 {
  "duration": 68, 
  "Text": "Disappearance 91", 
  "InteractionType": "Mouse_hover", 
  "ID": "Disappearance 91", 
  "time": 5450
 }, 
 {
  "duration": 6, 
  "Text": "Disappearance 91", 
  "InteractionType": "Mouse_hover", 
  "ID": "Disappearance 91", 
  "time": 5538
 }, 
 {
  "duration": 6, 
  "Text": "Disappearance 79", 
  "InteractionType": "Mouse_hover", 
  "ID": "Disappearance 79", 
  "time": 5547
 }, 
 {
  "duration": 8, 
  "Text": "Disappearance 92", 
  "InteractionType": "Mouse_hover", 
  "ID": "Disappearance 92", 
  "time": 5554
 }, 
 {
  "duration": 102, 
  "Text": "Disappearance 91", 
  "InteractionType": "Mouse_hover", 
  "ID": "Disappearance 91", 
  "time": 5562
 }, 
 {
  "duration": 30, 
  "Text": "Disappearance 91", 
  "InteractionType": "Draging", 
  "ID": "Disappearance 91", 
  "time": 5665
 }, 
 {
  "duration": 440, 
  "Text": "Disappearance 91", 
  "InteractionType": "Doc_open", 
  "ID": "Disappearance 91", 
  "time": 5704
 }, 
 {
  "duration": 5, 
  "Text": "Disappearance 91", 
  "InteractionType": "Reading", 
  "ID": "Disappearance 91", 
  "time": 5705
 }, 
 {
  "duration": 5, 
  "Text": "Disappearance 4", 
  "InteractionType": "Reading", 
  "ID": "Disappearance 4", 
  "time": 5709
 }, 
 {
  "duration": 7, 
  "Text": "Disappearance 91", 
  "InteractionType": "Reading", 
  "ID": "Disappearance 91", 
  "time": 5734
 }, 
 {
  "duration": 11, 
  "Text": "Disappearance 91", 
  "InteractionType": "Draging", 
  "ID": "Disappearance 91", 
  "time": 5740
 }, 
 {
  "duration": 7, 
  "Text": "Disappearance 4", 
  "InteractionType": "Mouse_hover", 
  "ID": "Disappearance 4", 
  "time": 5756
 }, 
 {
  "duration": 5, 
  "Text": "Disappearance 4", 
  "InteractionType": "Doc_open", 
  "ID": "Disappearance 4", 
  "time": 5764
 }, 
 {
  "duration": 190, 
  "Text": "Disappearance 91", 
  "InteractionType": "Reading", 
  "ID": "Disappearance 91", 
  "time": 5770
 }, 
 {
  "duration": 18, 
  "Text": "Disappearance 91", 
  "InteractionType": "Draging", 
  "ID": "Disappearance 91", 
  "time": 5778
 }, 
 {
  "duration": 10, 
  "Text": "10:50am. So it happend in the morning", 
  "InteractionType": "Think_aloud", 
  "ID": 0, 
  "time": 5937
 }, 
 {
  "duration": 10, 
  "Text": "10:50 AM:", 
  "InteractionType": "Highlight", 
  "ID": "Disappearance 91", 
  "time": 5977
 }, 
 {
  "duration": 50, 
  "Text": "Disappearance 91", 
  "InteractionType": "Reading", 
  "ID": "Disappearance 91", 
  "time": 5979
 }, 
 {
  "duration": 50, 
  "Text": "Disappearance 91", 
  "InteractionType": "Reading", 
  "ID": "Disappearance 91", 
  "time": 6040
 }, 
 {
  "duration": 10, 
  "Text": "bomb threat.", 
  "InteractionType": "Highlight", 
  "ID": "Disappearance 91", 
  "time": 6120
 }, 
 {
  "duration": 20, 
  "Text": "Disappearance 91", 
  "InteractionType": "Draging", 
  "ID": "Disappearance 91", 
  "time": 6158
 }, 
 {
  "duration": 10, 
  "Text": "Now I want to see if I can find anything regarding bomb threats", 
  "InteractionType": "Think_aloud", 
  "ID": 0, 
  "time": 6287
 }, 
 {
  "duration": 10, 
  "Text": "bomb threat", 
  "InteractionType": "Highlight", 
  "ID": "Disappearance 91", 
  "time": 6293
 }, 
 {
  "duration": 10, 
  "Text": "bomb threat", 
  "InteractionType": "Search", 
  "ID": 0, 
  "time": 6365
 }, 
 {
  "duration": 23, 
  "Text": "Disappearance 8", 
  "InteractionType": "Mouse_hover", 
  "ID": "Disappearance 8", 
  "time": 6404
 }, 
 {
  "duration": 29, 
  "Text": "Disappearance 8", 
  "InteractionType": "Draging", 
  "ID": "Disappearance 8", 
  "time": 6428
 }, 
 {
  "duration": 1139, 
  "Text": "Disappearance 8", 
  "InteractionType": "Doc_open", 
  "ID": "Disappearance 8", 
  "time": 6473
 }, 
 {
  "duration": 5, 
  "Text": "Disappearance 8", 
  "InteractionType": "Reading", 
  "ID": "Disappearance 8", 
  "time": 6474
 }, 
 {
  "duration": 366, 
  "Text": "Disappearance 8", 
  "InteractionType": "Reading", 
  "ID": "Disappearance 8", 
  "time": 6481
 }, 
 {
  "duration": 10, 
  "Text": "Disappearance 8", 
  "InteractionType": "Reading", 
  "ID": "Disappearance 8", 
  "time": 6866
 }, 
 {
  "duration": 403, 
  "Text": "Disappearance 8", 
  "InteractionType": "Reading", 
  "ID": "Disappearance 8", 
  "time": 6879
 }, 
 {
  "duration": 10, 
  "Text": "Bomb threat happend in the day before and in the different place", 
  "InteractionType": "Think_aloud", 
  "ID": 0, 
  "time": 7147
 }, 
 {
  "duration": 10, 
  "Text": "people Maha Salo 20 January 2014 ", 
  "InteractionType": "Highlight", 
  "ID": "Disappearance 8", 
  "time": 7303
 }, 
 {
  "duration": 186, 
  "Text": "Disappearance 8", 
  "InteractionType": "Reading", 
  "ID": "Disappearance 8", 
  "time": 7305
 }, 
 {
  "duration": 42, 
  "Text": "Disappearance 8", 
  "InteractionType": "Reading", 
  "ID": "Disappearance 8", 
  "time": 7492
 }, 
 {
  "duration": 9, 
  "Text": "Disappearance 8", 
  "InteractionType": "Reading", 
  "ID": "Disappearance 8", 
  "time": 7537
 }, 
 {
  "duration": 10, 
  "Text": " bomb threat. 20 Jan 2014", 
  "InteractionType": "Highlight", 
  "ID": "Disappearance 8", 
  "time": 7565
 }, 
 {
  "duration": 16, 
  "Text": "Disappearance 8", 
  "InteractionType": "Reading", 
  "ID": "Disappearance 8", 
  "time": 7565
 }, 
 {
  "duration": 10, 
  "Text": "So. people of maha salo", 
  "InteractionType": "Think_aloud", 
  "ID": 0, 
  "time": 7647
 }, 
 {
  "duration": 10, 
  "Text": "Maha Salo", 
  "InteractionType": "Search", 
  "ID": 0, 
  "time": 7743
 }, 
 {
  "duration": 8, 
  "Text": "Disappearance 5", 
  "InteractionType": "Draging", 
  "ID": "Disappearance 5", 
  "time": 7817
 }, 
 {
  "duration": 7, 
  "Text": "Disappearance 10", 
  "InteractionType": "Mouse_hover", 
  "ID": "Disappearance 10", 
  "time": 7829
 }, 
 {
  "duration": 6, 
  "Text": "Disappearance 10", 
  "InteractionType": "Draging", 
  "ID": "Disappearance 10", 
  "time": 7837
 }, 
 {
  "duration": 13, 
  "Text": "Disappearance 13", 
  "InteractionType": "Mouse_hover", 
  "ID": "Disappearance 13", 
  "time": 7845
 }, 
 {
  "duration": 10, 
  "Text": "Disappearance 17", 
  "InteractionType": "Mouse_hover", 
  "ID": "Disappearance 17", 
  "time": 7861
 }, 
 {
  "duration": 8, 
  "Text": "Disappearance 70", 
  "InteractionType": "Mouse_hover", 
  "ID": "Disappearance 70", 
  "time": 7876
 }, 
 {
  "duration": 7, 
  "Text": "Disappearance 67", 
  "InteractionType": "Mouse_hover", 
  "ID": "Disappearance 67", 
  "time": 7888
 }, 
 {
  "duration": 9, 
  "Text": "Disappearance 63", 
  "InteractionType": "Mouse_hover", 
  "ID": "Disappearance 63", 
  "time": 7897
 }, 
 {
  "duration": 50, 
  "Text": "Disappearance 65", 
  "InteractionType": "Mouse_hover", 
  "ID": "Disappearance 65", 
  "time": 7907
 }, 
 {
  "duration": 10, 
  "Text": "Disappearance 29", 
  "InteractionType": "Mouse_hover", 
  "ID": "Disappearance 29", 
  "time": 7995
 }, 
 {
  "duration": 73, 
  "Text": "Disappearance 55", 
  "InteractionType": "Mouse_hover", 
  "ID": "Disappearance 55", 
  "time": 8005
 }, 
 {
  "duration": 17, 
  "Text": "Disappearance 29", 
  "InteractionType": "Mouse_hover", 
  "ID": "Disappearance 29", 
  "time": 8079
 }, 
 {
  "duration": 66, 
  "Text": "Disappearance 63", 
  "InteractionType": "Mouse_hover", 
  "ID": "Disappearance 63", 
  "time": 8102
 }, 
 {
  "duration": 36, 
  "Text": "Disappearance 29", 
  "InteractionType": "Draging", 
  "ID": "Disappearance 29", 
  "time": 8186
 }, 
 {
  "duration": 1146, 
  "Text": "Disappearance 29", 
  "InteractionType": "Doc_open", 
  "ID": "Disappearance 29", 
  "time": 8247
 }, 
 {
  "duration": 9, 
  "Text": "Disappearance 29", 
  "InteractionType": "Reading", 
  "ID": "Disappearance 29", 
  "time": 8248
 }, 
 {
  "duration": 145, 
  "Text": "Disappearance 29", 
  "InteractionType": "Reading", 
  "ID": "Disappearance 29", 
  "time": 8469
 }, 
 {
  "duration": 15, 
  "Text": "Disappearance 29", 
  "InteractionType": "Draging", 
  "ID": "Disappearance 29", 
  "time": 8479
 }, 
 {
  "duration": 28, 
  "Text": "Disappearance 29", 
  "InteractionType": "Draging", 
  "ID": "Disappearance 29", 
  "time": 8538
 }, 
 {
  "duration": 125, 
  "Text": "Disappearance 25", 
  "InteractionType": "Doc_open", 
  "ID": "Disappearance 25", 
  "time": 8656
 }, 
 {
  "duration": 5, 
  "Text": "Disappearance 25", 
  "InteractionType": "Doc_open", 
  "ID": "Disappearance 25", 
  "time": 8787
 }, 
 {
  "duration": 5, 
  "Text": "Disappearance 25", 
  "InteractionType": "Doc_open", 
  "ID": "Disappearance 25", 
  "time": 8799
 }, 
 {
  "duration": 71, 
  "Text": "Disappearance 4", 
  "InteractionType": "Doc_open", 
  "ID": "Disappearance 4", 
  "time": 8827
 }, 
 {
  "duration": 5, 
  "Text": "Disappearance 4", 
  "InteractionType": "Doc_open", 
  "ID": "Disappearance 4", 
  "time": 8917
 }, 
 {
  "duration": 10, 
  "Text": "It was reported on Jan 21 but the kidnaping actually happend in 20th", 
  "InteractionType": "Think_aloud", 
  "ID": 0, 
  "time": 8957
 }, 
 {
  "duration": 263, 
  "Text": "Disappearance 29", 
  "InteractionType": "Reading", 
  "ID": "Disappearance 29", 
  "time": 8970
 }, 
 {
  "duration": 10, 
  "Text": "someone should locate the caterers from the executive breakfast?", 
  "InteractionType": "Highlight", 
  "ID": "Disappearance 29", 
  "time": 9258
 }, 
 {
  "duration": 100, 
  "Text": "Disappearance 29", 
  "InteractionType": "Reading", 
  "ID": "Disappearance 29", 
  "time": 9260
 }, 
 {
  "duration": 10, 
  "Text": " newfound wealth might provide a motive.", 
  "InteractionType": "Highlight", 
  "ID": "Disappearance 29", 
  "time": 9375
 }, 
 {
  "duration": 0, 
  "Text": " (Looking for carterers in the day of kidnaping) [bottom-up]", 
  "InteractionType": "Topic_change", 
  "ID": "bottom-up", 
  "time": 9577
 }, 
 {
  "duration": 10, 
  "Text": "carterers", 
  "InteractionType": "Search", 
  "ID": 0, 
  "time": 9579
 }, 
 {
  "duration": 10, 
  "Text": "executive breakfast", 
  "InteractionType": "Highlight", 
  "ID": "Disappearance 29", 
  "time": 9871
 }, 
 {
  "duration": 10, 
  "Text": "executive breakfast", 
  "InteractionType": "Search", 
  "ID": 0, 
  "time": 9936
 }, 
 {
  "duration": 10, 
  "Text": "caterers", 
  "InteractionType": "Search", 
  "ID": 0, 
  "time": 10079
 }, 
 {
  "duration": 6, 
  "Text": "Disappearance 79", 
  "InteractionType": "Mouse_hover", 
  "ID": "Disappearance 79", 
  "time": 10107
 }, 
 {
  "duration": 23, 
  "Text": "Disappearance 130", 
  "InteractionType": "Mouse_hover", 
  "ID": "Disappearance 130", 
  "time": 10116
 }, 
 {
  "duration": 21, 
  "Text": "Disappearance 130", 
  "InteractionType": "Draging", 
  "ID": "Disappearance 130", 
  "time": 10140
 }, 
 {
  "duration": 1134, 
  "Text": "Disappearance 130", 
  "InteractionType": "Doc_open", 
  "ID": "Disappearance 130", 
  "time": 10168
 }, 
 {
  "duration": 38, 
  "Text": "Disappearance 130", 
  "InteractionType": "Reading", 
  "ID": "Disappearance 130", 
  "time": 10169
 }, 
 {
  "duration": 10, 
  "Text": "Disappearance 130", 
  "InteractionType": "Draging", 
  "ID": "Disappearance 130", 
  "time": 10184
 }, 
 {
  "duration": 20, 
  "Text": "Disappearance 130", 
  "InteractionType": "Reading", 
  "ID": "Disappearance 130", 
  "time": 10241
 }, 
 {
  "duration": 11, 
  "Text": "Disappearance 91", 
  "InteractionType": "Draging", 
  "ID": "Disappearance 91", 
  "time": 10272
 }, 
 {
  "duration": 14, 
  "Text": "Disappearance 8", 
  "InteractionType": "Draging", 
  "ID": "Disappearance 8", 
  "time": 10312
 }, 
 {
  "duration": 5, 
  "Text": "Disappearance 130", 
  "InteractionType": "Reading", 
  "ID": "Disappearance 130", 
  "time": 10367
 }, 
 {
  "duration": 158, 
  "Text": "Disappearance 29", 
  "InteractionType": "Doc_open", 
  "ID": "Disappearance 29", 
  "time": 10400
 }, 
 {
  "duration": 10, 
  "Text": "20 Jan 2014", 
  "InteractionType": "Highlight", 
  "ID": "Disappearance 29", 
  "time": 10541
 }, 
 {
  "duration": 17, 
  "Text": "Disappearance 29", 
  "InteractionType": "Doc_open", 
  "ID": "Disappearance 29", 
  "time": 10568
 }, 
 {
  "duration": 616, 
  "Text": "Disappearance 130", 
  "InteractionType": "Reading", 
  "ID": "Disappearance 130", 
  "time": 10600
 }, 
 {
  "duration": 6, 
  "Text": "Disappearance 130", 
  "InteractionType": "Draging", 
  "ID": "Disappearance 130", 
  "time": 10606
 }, 
 {
  "duration": 10, 
  "Text": "Still reading the last article", 
  "InteractionType": "Think_aloud", 
  "ID": 0, 
  "time": 10967
 }, 
 {
  "duration": 10, 
  "Text": " the caterers for the breakfast meeting, who were dressed all in black, have been released.", 
  "InteractionType": "Highlight", 
  "ID": "Disappearance 130", 
  "time": 11231
 }, 
 {
  "duration": 9, 
  "Text": "Disappearance 130", 
  "InteractionType": "Draging", 
  "ID": "Disappearance 130", 
  "time": 11335
 }, 
 {
  "duration": 8, 
  "Text": "Disappearance 91", 
  "InteractionType": "Draging", 
  "ID": "Disappearance 91", 
  "time": 11415
 }, 
 {
  "duration": 14, 
  "Text": "Disappearance 29", 
  "InteractionType": "Draging", 
  "ID": "Disappearance 29", 
  "time": 11469
 }, 
 {
  "duration": 29, 
  "Text": "Disappearance 4", 
  "InteractionType": "Draging", 
  "ID": "Disappearance 4", 
  "time": 11516
 }, 
 {
  "duration": 23, 
  "Text": "Disappearance 8", 
  "InteractionType": "Draging", 
  "ID": "Disappearance 8", 
  "time": 11555
 }, 
 {
  "duration": 11, 
  "Text": "Disappearance 4", 
  "InteractionType": "Draging", 
  "ID": "Disappearance 4", 
  "time": 11601
 }, 
 {
  "duration": 10, 
  "Text": "Disappearance29,Disappearance4", 
  "InteractionType": "Connection", 
  "ID": "Disappearance29,Disappearance4", 
  "time": 11652
 }, 
 {
  "duration": 7, 
  "Text": "Disappearance 29", 
  "InteractionType": "Draging", 
  "ID": "Disappearance 29", 
  "time": 11671
 }, 
 {
  "duration": 6, 
  "Text": "Disappearance 4", 
  "InteractionType": "Draging", 
  "ID": "Disappearance 4", 
  "time": 11686
 }, 
 {
  "duration": 10, 
  "Text": "Disappearance 25", 
  "InteractionType": "Draging", 
  "ID": "Disappearance 25", 
  "time": 11701
 }, 
 {
  "duration": 12, 
  "Text": "Disappearance 29", 
  "InteractionType": "Draging", 
  "ID": "Disappearance 29", 
  "time": 11722
 }, 
 {
  "duration": 41, 
  "Text": "Disappearance 4", 
  "InteractionType": "Draging", 
  "ID": "Disappearance 4", 
  "time": 11743
 }, 
 {
  "duration": 10, 
  "Text": "I know what happend in 20th. was reported in 21st. they are asking $20M for release", 
  "InteractionType": "Think_aloud", 
  "ID": 0, 
  "time": 11807
 }, 
 {
  "duration": 20, 
  "Text": "Disappearance 25", 
  "InteractionType": "Draging", 
  "ID": "Disappearance 25", 
  "time": 11868
 }, 
 {
  "duration": 10, 
  "Text": "Disappearance4,Disappearance25", 
  "InteractionType": "Connection", 
  "ID": "Disappearance4,Disappearance25", 
  "time": 11937
 }, 
 {
  "duration": 25, 
  "Text": "Disappearance 25", 
  "InteractionType": "Draging", 
  "ID": "Disappearance 25", 
  "time": 11951
 }, 
 {
  "duration": 10, 
  "Text": "Disappearance 130", 
  "InteractionType": "Draging", 
  "ID": "Disappearance 130", 
  "time": 12055
 }, 
 {
  "duration": 10, 
  "Text": "black", 
  "InteractionType": "Search", 
  "ID": 0, 
  "time": 12149
 }, 
 {
  "duration": 12, 
  "Text": "Disappearance 141", 
  "InteractionType": "Mouse_hover", 
  "ID": "Disappearance 141", 
  "time": 12206
 }, 
 {
  "duration": 45, 
  "Text": "Disappearance 141", 
  "InteractionType": "Draging", 
  "ID": "Disappearance 141", 
  "time": 12219
 }, 
 {
  "duration": 10, 
  "Text": "I'm finding any information about any organization that were black", 
  "InteractionType": "Think_aloud", 
  "ID": 0, 
  "time": 12247
 }, 
 {
  "duration": 17, 
  "Text": "Disappearance 23", 
  "InteractionType": "Mouse_hover", 
  "ID": "Disappearance 23", 
  "time": 12288
 }, 
 {
  "duration": 18, 
  "Text": "Disappearance 23", 
  "InteractionType": "Draging", 
  "ID": "Disappearance 23", 
  "time": 12306
 }, 
 {
  "duration": 8, 
  "Text": "Disappearance 20", 
  "InteractionType": "Draging", 
  "ID": "Disappearance 20", 
  "time": 12335
 }, 
 {
  "duration": 6, 
  "Text": "Disappearance 14", 
  "InteractionType": "Draging", 
  "ID": "Disappearance 14", 
  "time": 12370
 }, 
 {
  "duration": 12, 
  "Text": "Disappearance 62", 
  "InteractionType": "Draging", 
  "ID": "Disappearance 62", 
  "time": 12420
 }, 
 {
  "duration": 7, 
  "Text": "Disappearance 57", 
  "InteractionType": "Mouse_hover", 
  "ID": "Disappearance 57", 
  "time": 12455
 }, 
 {
  "duration": 11, 
  "Text": "Disappearance 80", 
  "InteractionType": "Draging", 
  "ID": "Disappearance 80", 
  "time": 12469
 }, 
 {
  "duration": 11, 
  "Text": "Disappearance 103", 
  "InteractionType": "Draging", 
  "ID": "Disappearance 103", 
  "time": 12491
 }, 
 {
  "duration": 6, 
  "Text": "Disappearance 14", 
  "InteractionType": "Mouse_hover", 
  "ID": "Disappearance 14", 
  "time": 12536
 }, 
 {
  "duration": 26, 
  "Text": "Disappearance 14", 
  "InteractionType": "Draging", 
  "ID": "Disappearance 14", 
  "time": 12543
 }, 
 {
  "duration": 7, 
  "Text": "Disappearance 14", 
  "InteractionType": "Mouse_hover", 
  "ID": "Disappearance 14", 
  "time": 12573
 }, 
 {
  "duration": 2557, 
  "Text": "Disappearance 14", 
  "InteractionType": "Doc_open", 
  "ID": "Disappearance 14", 
  "time": 12581
 }, 
 {
  "duration": 723, 
  "Text": "Disappearance 14", 
  "InteractionType": "Reading", 
  "ID": "Disappearance 14", 
  "time": 12582
 }, 
 {
  "duration": 22, 
  "Text": "Disappearance 14", 
  "InteractionType": "Draging", 
  "ID": "Disappearance 14", 
  "time": 12599
 }, 
 {
  "duration": 10, 
  "Text": "entrargli", 
  "InteractionType": "Search", 
  "ID": 0, 
  "time": 13365
 }, 
 {
  "duration": 59, 
  "Text": "Disappearance 14", 
  "InteractionType": "Reading", 
  "ID": "Disappearance 14", 
  "time": 13367
 }, 
 {
  "duration": 18, 
  "Text": "Disappearance 14", 
  "InteractionType": "Reading", 
  "ID": "Disappearance 14", 
  "time": 13442
 }, 
 {
  "duration": 172, 
  "Text": "Disappearance 14", 
  "InteractionType": "Reading", 
  "ID": "Disappearance 14", 
  "time": 13473
 }, 
 {
  "duration": 10, 
  "Text": "government sedan", 
  "InteractionType": "Search", 
  "ID": 0, 
  "time": 13658
 }, 
 {
  "duration": 68, 
  "Text": "Disappearance 14", 
  "InteractionType": "Reading", 
  "ID": "Disappearance 14", 
  "time": 13661
 }, 
 {
  "duration": 10, 
  "Text": "government", 
  "InteractionType": "Search", 
  "ID": 0, 
  "time": 13744
 }, 
 {
  "duration": 9, 
  "Text": "Disappearance 14", 
  "InteractionType": "Reading", 
  "ID": "Disappearance 14", 
  "time": 13747
 }, 
 {
  "duration": 71, 
  "Text": "Disappearance 14", 
  "InteractionType": "Reading", 
  "ID": "Disappearance 14", 
  "time": 13777
 }, 
 {
  "duration": 8, 
  "Text": "Disappearance 101", 
  "InteractionType": "Mouse_hover", 
  "ID": "Disappearance 101", 
  "time": 13851
 }, 
 {
  "duration": 46, 
  "Text": "Disappearance 14", 
  "InteractionType": "Reading", 
  "ID": "Disappearance 14", 
  "time": 13862
 }, 
 {
  "duration": 15, 
  "Text": "Disappearance 140", 
  "InteractionType": "Mouse_hover", 
  "ID": "Disappearance 140", 
  "time": 13950
 }, 
 {
  "duration": 33, 
  "Text": "Disappearance 14", 
  "InteractionType": "Reading", 
  "ID": "Disappearance 14", 
  "time": 13967
 }, 
 {
  "duration": 36, 
  "Text": "Disappearance 123", 
  "InteractionType": "Mouse_hover", 
  "ID": "Disappearance 123", 
  "time": 14012
 }, 
 {
  "duration": 12, 
  "Text": "Disappearance 125", 
  "InteractionType": "Mouse_hover", 
  "ID": "Disappearance 125", 
  "time": 14050
 }, 
 {
  "duration": 0, 
  "Text": " (Looking for government and peopels role in the company) [bottom-up]", 
  "InteractionType": "Topic_change", 
  "ID": "bottom-up", 
  "time": 14067
 }, 
 {
  "duration": 11, 
  "Text": "Disappearance 122", 
  "InteractionType": "Mouse_hover", 
  "ID": "Disappearance 122", 
  "time": 14083
 }, 
 {
  "duration": 25, 
  "Text": "Disappearance 117", 
  "InteractionType": "Mouse_hover", 
  "ID": "Disappearance 117", 
  "time": 14104
 }, 
 {
  "duration": 7, 
  "Text": "Disappearance 118", 
  "InteractionType": "Mouse_hover", 
  "ID": "Disappearance 118", 
  "time": 14129
 }, 
 {
  "duration": 15, 
  "Text": "Disappearance 140", 
  "InteractionType": "Mouse_hover", 
  "ID": "Disappearance 140", 
  "time": 14136
 }, 
 {
  "duration": 7, 
  "Text": "Disappearance 79", 
  "InteractionType": "Mouse_hover", 
  "ID": "Disappearance 79", 
  "time": 14170
 }, 
 {
  "duration": 6, 
  "Text": "Disappearance 85", 
  "InteractionType": "Mouse_hover", 
  "ID": "Disappearance 85", 
  "time": 14224
 }, 
 {
  "duration": 7, 
  "Text": "Disappearance 60", 
  "InteractionType": "Mouse_hover", 
  "ID": "Disappearance 60", 
  "time": 14230
 }, 
 {
  "duration": 11, 
  "Text": "Disappearance 61", 
  "InteractionType": "Mouse_hover", 
  "ID": "Disappearance 61", 
  "time": 14238
 }, 
 {
  "duration": 27, 
  "Text": "Disappearance 62", 
  "InteractionType": "Mouse_hover", 
  "ID": "Disappearance 62", 
  "time": 14249
 }, 
 {
  "duration": 7, 
  "Text": "Disappearance 61", 
  "InteractionType": "Mouse_hover", 
  "ID": "Disappearance 61", 
  "time": 14276
 }, 
 {
  "duration": 29, 
  "Text": "Disappearance 62", 
  "InteractionType": "Mouse_hover", 
  "ID": "Disappearance 62", 
  "time": 14283
 }, 
 {
  "duration": 21, 
  "Text": "Disappearance 40", 
  "InteractionType": "Mouse_hover", 
  "ID": "Disappearance 40", 
  "time": 14326
 }, 
 {
  "duration": 22, 
  "Text": "Disappearance 15", 
  "InteractionType": "Mouse_hover", 
  "ID": "Disappearance 15", 
  "time": 14347
 }, 
 {
  "duration": 37, 
  "Text": "Disappearance 16", 
  "InteractionType": "Mouse_hover", 
  "ID": "Disappearance 16", 
  "time": 14369
 }, 
 {
  "duration": 11, 
  "Text": "Disappearance 57", 
  "InteractionType": "Mouse_hover", 
  "ID": "Disappearance 57", 
  "time": 14484
 }, 
 {
  "duration": 42, 
  "Text": "Disappearance 58", 
  "InteractionType": "Mouse_hover", 
  "ID": "Disappearance 58", 
  "time": 14495
 }, 
 {
  "duration": 6, 
  "Text": "Disappearance 83", 
  "InteractionType": "Mouse_hover", 
  "ID": "Disappearance 83", 
  "time": 14541
 }, 
 {
  "duration": 62, 
  "Text": "Disappearance 85", 
  "InteractionType": "Mouse_hover", 
  "ID": "Disappearance 85", 
  "time": 14548
 }, 
 {
  "duration": 13, 
  "Text": "Disappearance 61", 
  "InteractionType": "Mouse_hover", 
  "ID": "Disappearance 61", 
  "time": 14610
 }, 
 {
  "duration": 9, 
  "Text": "Disappearance 62", 
  "InteractionType": "Mouse_hover", 
  "ID": "Disappearance 62", 
  "time": 14624
 }, 
 {
  "duration": 29, 
  "Text": "Disappearance 61", 
  "InteractionType": "Mouse_hover", 
  "ID": "Disappearance 61", 
  "time": 14634
 }, 
 {
  "duration": 48, 
  "Text": "Disappearance 122", 
  "InteractionType": "Mouse_hover", 
  "ID": "Disappearance 122", 
  "time": 14665
 }, 
 {
  "duration": 7, 
  "Text": "Disappearance 144", 
  "InteractionType": "Mouse_hover", 
  "ID": "Disappearance 144", 
  "time": 14715
 }, 
 {
  "duration": 34, 
  "Text": "Disappearance 123", 
  "InteractionType": "Mouse_hover", 
  "ID": "Disappearance 123", 
  "time": 14723
 }, 
 {
  "duration": 7, 
  "Text": "Disappearance 96", 
  "InteractionType": "Mouse_hover", 
  "ID": "Disappearance 96", 
  "time": 14804
 }, 
 {
  "duration": 63, 
  "Text": "Disappearance 96", 
  "InteractionType": "Draging", 
  "ID": "Disappearance 96", 
  "time": 14812
 }, 
 {
  "duration": 3562, 
  "Text": "Disappearance 96", 
  "InteractionType": "Doc_open", 
  "ID": "Disappearance 96", 
  "time": 14898
 }, 
 {
  "duration": 33, 
  "Text": "Disappearance 96", 
  "InteractionType": "Reading", 
  "ID": "Disappearance 96", 
  "time": 14899
 }, 
 {
  "duration": 60, 
  "Text": "Disappearance 14", 
  "InteractionType": "Reading", 
  "ID": "Disappearance 14", 
  "time": 14932
 }, 
 {
  "duration": 10, 
  "Text": "A black government sedan has arrived hardly to the centers of GAStech.", 
  "InteractionType": "Highlight", 
  "ID": "Disappearance 14", 
  "time": 15006
 }, 
 {
  "duration": 17, 
  "Text": "Disappearance 14", 
  "InteractionType": "Reading", 
  "ID": "Disappearance 14", 
  "time": 15007
 }, 
 {
  "duration": 76, 
  "Text": "Disappearance 14", 
  "InteractionType": "Reading", 
  "ID": "Disappearance 14", 
  "time": 15035
 }, 
 {
  "duration": 10, 
  "Text": " he transports entrargli", 
  "InteractionType": "Highlight", 
  "ID": "Disappearance 14", 
  "time": 15126
 }, 
 {
  "duration": 11, 
  "Text": "Disappearance 14", 
  "InteractionType": "Draging", 
  "ID": "Disappearance 14", 
  "time": 15148
 }, 
 {
  "duration": 1315, 
  "Text": "Disappearance 96", 
  "InteractionType": "Reading", 
  "ID": "Disappearance 96", 
  "time": 15163
 }, 
 {
  "duration": 10, 
  "Text": "Still reading the last article", 
  "InteractionType": "Think_aloud", 
  "ID": 0, 
  "time": 15397
 }, 
 {
  "duration": 10, 
  "Text": "Edvard Vann, GAStech - Kronos the security guard which was questioned and after 6 hours was delivered, the daders behind the events of today indicated became suspicious on the guards of Kronos such as are. \n", 
  "InteractionType": "Highlight", 
  "ID": "Disappearance 96", 
  "time": 16494
 }, 
 {
  "duration": 1112, 
  "Text": "Disappearance 96", 
  "InteractionType": "Reading", 
  "ID": "Disappearance 96", 
  "time": 16495
 }, 
 {
  "duration": 10, 
  "Text": "They're suspicious for the gards on that event. they heard of a gun fire and they're taking it into a consideration", 
  "InteractionType": "Think_aloud", 
  "ID": 0, 
  "time": 17027
 }, 
 {
  "duration": 10, 
  "Text": "The affirmative reports of a fire on the office are possible as a diversion for the ontvoerders have served or to misfiring during the event have at least contributed.", 
  "InteractionType": "Highlight", 
  "ID": "Disappearance 96", 
  "time": 17620
 }, 
 {
  "duration": 220, 
  "Text": "Disappearance 96", 
  "InteractionType": "Reading", 
  "ID": "Disappearance 96", 
  "time": 17622
 }, 
 {
  "duration": 36, 
  "Text": "Disappearance 91", 
  "InteractionType": "Doc_open", 
  "ID": "Disappearance 91", 
  "time": 17866
 }, 
 {
  "duration": 479, 
  "Text": "Disappearance 91", 
  "InteractionType": "Doc_open", 
  "ID": "Disappearance 91", 
  "time": 17910
 }, 
 {
  "duration": 20, 
  "Text": "Disappearance 91", 
  "InteractionType": "Draging", 
  "ID": "Disappearance 91", 
  "time": 17924
 }, 
 {
  "duration": 10, 
  "Text": "10:50am it says was the fire alarm time but the fire department where sent around 10am. that means in happend before?", 
  "InteractionType": "Think_aloud", 
  "ID": 0, 
  "time": 18097
 }, 
 {
  "duration": 125, 
  "Text": "Disappearance 96", 
  "InteractionType": "Reading", 
  "ID": "Disappearance 96", 
  "time": 18139
 }, 
 {
  "duration": 13, 
  "Text": "Disappearance 96", 
  "InteractionType": "Reading", 
  "ID": "Disappearance 96", 
  "time": 18296
 }, 
 {
  "duration": 10, 
  "Text": "Kronos were sent around 10:00 this morning local time Kronos to answer to a fire alarm.", 
  "InteractionType": "Highlight", 
  "ID": "Disappearance 96", 
  "time": 18324
 }, 
 {
  "duration": 18, 
  "Text": "Disappearance 96", 
  "InteractionType": "Reading", 
  "ID": "Disappearance 96", 
  "time": 18339
 }, 
 {
  "duration": 40, 
  "Text": "Disappearance 96", 
  "InteractionType": "Draging", 
  "ID": "Disappearance 96", 
  "time": 18490
 }, 
 {
  "duration": 13, 
  "Text": "Disappearance 130", 
  "InteractionType": "Draging", 
  "ID": "Disappearance 130", 
  "time": 18544
 }, 
 {
  "duration": 10, 
  "Text": "Let's see if we have any information aobut the gards", 
  "InteractionType": "Think_aloud", 
  "ID": 0, 
  "time": 18627
 }, 
 {
  "duration": 5, 
  "Text": "Disappearance 96", 
  "InteractionType": "Doc_open", 
  "ID": "Disappearance 96", 
  "time": 18687
 }, 
 {
  "duration": 615, 
  "Text": "Disappearance 96", 
  "InteractionType": "Doc_open", 
  "ID": "Disappearance 96", 
  "time": 18692
 }, 
 {
  "duration": 10, 
  "Text": "Edvard", 
  "InteractionType": "Search", 
  "ID": 0, 
  "time": 18809
 }, 
 {
  "duration": 20, 
  "Text": "Disappearance 54", 
  "InteractionType": "Mouse_hover", 
  "ID": "Disappearance 54", 
  "time": 18856
 }, 
 {
  "duration": 7, 
  "Text": "Disappearance 55", 
  "InteractionType": "Mouse_hover", 
  "ID": "Disappearance 55", 
  "time": 18876
 }, 
 {
  "duration": 0, 
  "Text": " (Who is Edward Vann?) [bottom-up]", 
  "InteractionType": "Topic_change", 
  "ID": "bottom-up", 
  "time": 18877
 }, 
 {
  "duration": 6, 
  "Text": "Disappearance 99", 
  "InteractionType": "Mouse_hover", 
  "ID": "Disappearance 99", 
  "time": 18890
 }, 
 {
  "duration": 6, 
  "Text": "Disappearance 74", 
  "InteractionType": "Mouse_hover", 
  "ID": "Disappearance 74", 
  "time": 18896
 }, 
 {
  "duration": 10, 
  "Text": "Disappearance 73", 
  "InteractionType": "Mouse_hover", 
  "ID": "Disappearance 73", 
  "time": 18902
 }, 
 {
  "duration": 6, 
  "Text": "Disappearance 73", 
  "InteractionType": "Draging", 
  "ID": "Disappearance 73", 
  "time": 18913
 }, 
 {
  "duration": 67, 
  "Text": "Disappearance 97", 
  "InteractionType": "Mouse_hover", 
  "ID": "Disappearance 97", 
  "time": 18921
 }, 
 {
  "duration": 10, 
  "Text": "Edvard", 
  "InteractionType": "Search", 
  "ID": 0, 
  "time": 19152
 }, 
 {
  "duration": 16, 
  "Text": "Disappearance 73", 
  "InteractionType": "Mouse_hover", 
  "ID": "Disappearance 73", 
  "time": 19179
 }, 
 {
  "duration": 47, 
  "Text": "Disappearance 73", 
  "InteractionType": "Draging", 
  "ID": "Disappearance 73", 
  "time": 19196
 }, 
 {
  "duration": 8, 
  "Text": "Disappearance 96", 
  "InteractionType": "Draging", 
  "ID": "Disappearance 96", 
  "time": 19315
 }, 
 {
  "duration": 7, 
  "Text": "Disappearance 73", 
  "InteractionType": "Draging", 
  "ID": "Disappearance 73", 
  "time": 19332
 }, 
 {
  "duration": 1229, 
  "Text": "Disappearance 73", 
  "InteractionType": "Doc_open", 
  "ID": "Disappearance 73", 
  "time": 19347
 }, 
 {
  "duration": 751, 
  "Text": "Disappearance 73", 
  "InteractionType": "Reading", 
  "ID": "Disappearance 73", 
  "time": 19348
 }, 
 {
  "duration": 10, 
  "Text": "Still reading the last article", 
  "InteractionType": "Think_aloud", 
  "ID": 0, 
  "time": 20017
 }, 
 {
  "duration": 257, 
  "Text": "Disappearance 73", 
  "InteractionType": "Reading", 
  "ID": "Disappearance 73", 
  "time": 20109
 }, 
 {
  "duration": 10, 
  "Text": "Once again he says that POK is responsible for the kinaping and the reason is because of new public offering. what is the public offering?", 
  "InteractionType": "Think_aloud", 
  "ID": 0, 
  "time": 20177
 }, 
 {
  "duration": 10, 
  "Text": " Initial Public Offering ", 
  "InteractionType": "Highlight", 
  "ID": "Disappearance 73", 
  "time": 20384
 }, 
 {
  "duration": 148, 
  "Text": "Disappearance 73", 
  "InteractionType": "Reading", 
  "ID": "Disappearance 73", 
  "time": 20385
 }, 
 {
  "duration": 10, 
  "Text": " gave the indication that the Protectors of Kronos were involved or at least suspected as being the perpetrators behind today's events", 
  "InteractionType": "Highlight", 
  "ID": "Disappearance 73", 
  "time": 20547
 }, 
 {
  "duration": 7, 
  "Text": "Disappearance 73", 
  "InteractionType": "Draging", 
  "ID": "Disappearance 73", 
  "time": 20585
 }, 
 {
  "duration": 10, 
  "Text": "Offering", 
  "InteractionType": "Search", 
  "ID": 0, 
  "time": 20642
 }, 
 {
  "duration": 14, 
  "Text": "Disappearance 70", 
  "InteractionType": "Mouse_hover", 
  "ID": "Disappearance 70", 
  "time": 20687
 }, 
 {
  "duration": 9, 
  "Text": "Disappearance 17", 
  "InteractionType": "Mouse_hover", 
  "ID": "Disappearance 17", 
  "time": 20705
 }, 
 {
  "duration": 38, 
  "Text": "Disappearance 106", 
  "InteractionType": "Mouse_hover", 
  "ID": "Disappearance 106", 
  "time": 20720
 }, 
 {
  "duration": 14, 
  "Text": "Disappearance 106", 
  "InteractionType": "Draging", 
  "ID": "Disappearance 106", 
  "time": 20759
 }, 
 {
  "duration": 19, 
  "Text": "Disappearance 106", 
  "InteractionType": "Mouse_hover", 
  "ID": "Disappearance 106", 
  "time": 20807
 }, 
 {
  "duration": 7, 
  "Text": "Disappearance 106", 
  "InteractionType": "Draging", 
  "ID": "Disappearance 106", 
  "time": 20827
 }, 
 {
  "duration": 1180, 
  "Text": "Disappearance 106", 
  "InteractionType": "Doc_open", 
  "ID": "Disappearance 106", 
  "time": 20849
 }, 
 {
  "duration": 522, 
  "Text": "Disappearance 106", 
  "InteractionType": "Reading", 
  "ID": "Disappearance 106", 
  "time": 20850
 }, 
 {
  "duration": 32, 
  "Text": "Disappearance 106", 
  "InteractionType": "Draging", 
  "ID": "Disappearance 106", 
  "time": 20957
 }, 
 {
  "duration": 10, 
  "Text": "This one is talking about that public offering. they're offering to change this private company public", 
  "InteractionType": "Think_aloud", 
  "ID": 0, 
  "time": 21007
 }, 
 {
  "duration": 155, 
  "Text": "Disappearance 106", 
  "InteractionType": "Reading", 
  "ID": "Disappearance 106", 
  "time": 21474
 }, 
 {
  "duration": 54, 
  "Text": "Disappearance 106", 
  "InteractionType": "Draging", 
  "ID": "Disappearance 106", 
  "time": 21502
 }, 
 {
  "duration": 10, 
  "Text": "It has been an year since they become a public company", 
  "InteractionType": "Think_aloud", 
  "ID": 0, 
  "time": 21587
 }, 
 {
  "duration": 145, 
  "Text": "Disappearance 106", 
  "InteractionType": "Reading", 
  "ID": "Disappearance 106", 
  "time": 21632
 }, 
 {
  "duration": 10, 
  "Text": "2 September 2013 CENTRUM, Tethys ", 
  "InteractionType": "Highlight", 
  "ID": "Disappearance 106", 
  "time": 21794
 }, 
 {
  "duration": 84, 
  "Text": "Disappearance 106", 
  "InteractionType": "Reading", 
  "ID": "Disappearance 106", 
  "time": 21794
 }, 
 {
  "duration": 10, 
  "Text": "", 
  "InteractionType": "Highlight", 
  "ID": "Disappearance 106", 
  "time": 21894
 }, 
 {
  "duration": 54, 
  "Text": "Disappearance 106", 
  "InteractionType": "Reading", 
  "ID": "Disappearance 106", 
  "time": 21895
 }, 
 {
  "duration": 10, 
  "Text": "After 52 years of being privately owned", 
  "InteractionType": "Highlight", 
  "ID": "Disappearance 106", 
  "time": 21963
 }, 
 {
  "duration": 59, 
  "Text": "Disappearance 106", 
  "InteractionType": "Draging", 
  "ID": "Disappearance 106", 
  "time": 22042
 }, 
 {
  "duration": 128, 
  "Text": "Disappearance 96", 
  "InteractionType": "Draging", 
  "ID": "Disappearance 96", 
  "time": 22115
 }, 
 {
  "duration": 18, 
  "Text": "Disappearance 73", 
  "InteractionType": "Draging", 
  "ID": "Disappearance 73", 
  "time": 22253
 }, 
 {
  "duration": 10, 
  "Text": "Disappearance96,Disappearance73", 
  "InteractionType": "Connection", 
  "ID": "Disappearance96,Disappearance73", 
  "time": 22292
 }, 
 {
  "duration": 19, 
  "Text": "Disappearance 73", 
  "InteractionType": "Draging", 
  "ID": "Disappearance 73", 
  "time": 22307
 }, 
 {
  "duration": 10, 
  "Text": "POK", 
  "InteractionType": "Search", 
  "ID": 0, 
  "time": 22442
 }, 
 {
  "duration": 0, 
  "Text": " (Is POK responsible?) [top-down]", 
  "InteractionType": "Topic_change", 
  "ID": "top-down", 
  "time": 22447
 }, 
 {
  "duration": 10, 
  "Text": "I'm going back to the POK", 
  "InteractionType": "Think_aloud", 
  "ID": 0, 
  "time": 22447
 }, 
 {
  "duration": 13, 
  "Text": "Disappearance 24", 
  "InteractionType": "Mouse_hover", 
  "ID": "Disappearance 24", 
  "time": 22798
 }, 
 {
  "duration": 8, 
  "Text": "Disappearance 27", 
  "InteractionType": "Mouse_hover", 
  "ID": "Disappearance 27", 
  "time": 22867
 }, 
 {
  "duration": 61, 
  "Text": "Disappearance 58", 
  "InteractionType": "Mouse_hover", 
  "ID": "Disappearance 58", 
  "time": 22877
 }, 
 {
  "duration": 30, 
  "Text": "Disappearance 58", 
  "InteractionType": "Mouse_hover", 
  "ID": "Disappearance 58", 
  "time": 22951
 }, 
 {
  "duration": 12, 
  "Text": "Disappearance 54", 
  "InteractionType": "Mouse_hover", 
  "ID": "Disappearance 54", 
  "time": 23029
 }, 
 {
  "duration": 36, 
  "Text": "Disappearance 54", 
  "InteractionType": "Draging", 
  "ID": "Disappearance 54", 
  "time": 23042
 }, 
 {
  "duration": 595, 
  "Text": "Disappearance 54", 
  "InteractionType": "Doc_open", 
  "ID": "Disappearance 54", 
  "time": 23125
 }, 
 {
  "duration": 486, 
  "Text": "Disappearance 54", 
  "InteractionType": "Reading", 
  "ID": "Disappearance 54", 
  "time": 23126
 }, 
 {
  "duration": 10, 
  "Text": "Edward vann was questioned because he shared a family name with one of POK members", 
  "InteractionType": "Think_aloud", 
  "ID": 0, 
  "time": 23557
 }, 
 {
  "duration": 10, 
  "Text": " was questioned for hours because he shares a family name with several known POK members. ", 
  "InteractionType": "Highlight", 
  "ID": "Disappearance 96", 
  "time": 23638
 }, 
 {
  "duration": 34, 
  "Text": "Disappearance 54", 
  "InteractionType": "Reading", 
  "ID": "Disappearance 54", 
  "time": 23640
 }, 
 {
  "duration": 43, 
  "Text": "Disappearance 54", 
  "InteractionType": "Draging", 
  "ID": "Disappearance 54", 
  "time": 23735
 }, 
 {
  "duration": 9, 
  "Text": "Disappearance 73", 
  "InteractionType": "Draging", 
  "ID": "Disappearance 73", 
  "time": 23789
 }, 
 {
  "duration": 16, 
  "Text": "Disappearance 96", 
  "InteractionType": "Draging", 
  "ID": "Disappearance 96", 
  "time": 23807
 }, 
 {
  "duration": 17, 
  "Text": "Disappearance 54", 
  "InteractionType": "Draging", 
  "ID": "Disappearance 54", 
  "time": 23830
 }, 
 {
  "duration": 10, 
  "Text": "Disappearance54,Disappearance96", 
  "InteractionType": "Connection", 
  "ID": "Disappearance54,Disappearance96", 
  "time": 23876
 }, 
 {
  "duration": 16, 
  "Text": "Disappearance 96", 
  "InteractionType": "Draging", 
  "ID": "Disappearance 96", 
  "time": 23901
 }, 
 {
  "duration": 6, 
  "Text": "Disappearance 119", 
  "InteractionType": "Mouse_hover", 
  "ID": "Disappearance 119", 
  "time": 23960
 }, 
 {
  "duration": 18, 
  "Text": "Disappearance 137", 
  "InteractionType": "Mouse_hover", 
  "ID": "Disappearance 137", 
  "time": 23972
 }, 
 {
  "duration": 45, 
  "Text": "Disappearance 15", 
  "InteractionType": "Mouse_hover", 
  "ID": "Disappearance 15", 
  "time": 23998
 }, 
 {
  "duration": 50, 
  "Text": "Disappearance 61", 
  "InteractionType": "Mouse_hover", 
  "ID": "Disappearance 61", 
  "time": 24059
 }, 
 {
  "duration": 28, 
  "Text": "Disappearance 58", 
  "InteractionType": "Mouse_hover", 
  "ID": "Disappearance 58", 
  "time": 24112
 }, 
 {
  "duration": 67, 
  "Text": "Disappearance 59", 
  "InteractionType": "Mouse_hover", 
  "ID": "Disappearance 59", 
  "time": 24140
 }, 
 {
  "duration": 6, 
  "Text": "Disappearance 58", 
  "InteractionType": "Mouse_hover", 
  "ID": "Disappearance 58", 
  "time": 24219
 }, 
 {
  "duration": 54, 
  "Text": "Disappearance 59", 
  "InteractionType": "Mouse_hover", 
  "ID": "Disappearance 59", 
  "time": 24225
 }, 
 {
  "duration": 16, 
  "Text": "Disappearance 56", 
  "InteractionType": "Mouse_hover", 
  "ID": "Disappearance 56", 
  "time": 24287
 }, 
 {
  "duration": 29, 
  "Text": "Disappearance 56", 
  "InteractionType": "Draging", 
  "ID": "Disappearance 56", 
  "time": 24304
 }, 
 {
  "duration": 847, 
  "Text": "Disappearance 56", 
  "InteractionType": "Doc_open", 
  "ID": "Disappearance 56", 
  "time": 24353
 }, 
 {
  "duration": 48, 
  "Text": "Disappearance 56", 
  "InteractionType": "Reading", 
  "ID": "Disappearance 56", 
  "time": 24354
 }, 
 {
  "duration": 492, 
  "Text": "Disappearance 56", 
  "InteractionType": "Reading", 
  "ID": "Disappearance 56", 
  "time": 24404
 }, 
 {
  "duration": 10, 
  "Text": "So four are found and ten are missing", 
  "InteractionType": "Think_aloud", 
  "ID": 0, 
  "time": 24897
 }, 
 {
  "duration": 10, 
  "Text": "four of the GAStech employees whose whereabouts were unconfirmed yesterday were found overnight, leaving ten people who are presumed missing.", 
  "InteractionType": "Highlight", 
  "ID": "Disappearance 56", 
  "time": 24911
 }, 
 {
  "duration": 10, 
  "Text": "It'd have been good to know where those four employees that were found were from", 
  "InteractionType": "Think_aloud", 
  "ID": 0, 
  "time": 25157
 }, 
 {
  "duration": 91, 
  "Text": "Disappearance 56", 
  "InteractionType": "Draging", 
  "ID": "Disappearance 56", 
  "time": 25210
 }, 
 {
  "duration": 7, 
  "Text": "Disappearance 56", 
  "InteractionType": "Draging", 
  "ID": "Disappearance 56", 
  "time": 25331
 }, 
 {
  "duration": 12, 
  "Text": "Disappearance 54", 
  "InteractionType": "Draging", 
  "ID": "Disappearance 54", 
  "time": 25348
 }, 
 {
  "duration": 15, 
  "Text": "Disappearance 96", 
  "InteractionType": "Draging", 
  "ID": "Disappearance 96", 
  "time": 25371
 }, 
 {
  "duration": 36, 
  "Text": "Disappearance 15", 
  "InteractionType": "Mouse_hover", 
  "ID": "Disappearance 15", 
  "time": 25473
 }, 
 {
  "duration": 124, 
  "Text": "Disappearance 15", 
  "InteractionType": "Draging", 
  "ID": "Disappearance 15", 
  "time": 25510
 }, 
 {
  "duration": 31, 
  "Text": "Disappearance 15", 
  "InteractionType": "Mouse_hover", 
  "ID": "Disappearance 15", 
  "time": 25667
 }, 
 {
  "duration": 9, 
  "Text": "Disappearance 15", 
  "InteractionType": "Mouse_hover", 
  "ID": "Disappearance 15", 
  "time": 25741
 }, 
 {
  "duration": 15, 
  "Text": "Disappearance 15", 
  "InteractionType": "Draging", 
  "ID": "Disappearance 15", 
  "time": 25751
 }, 
 {
  "duration": 10, 
  "Text": "Who was Elien Karel", 
  "InteractionType": "Think_aloud", 
  "ID": 0, 
  "time": 25777
 }, 
 {
  "duration": 1962, 
  "Text": "Disappearance 15", 
  "InteractionType": "Doc_open", 
  "ID": "Disappearance 15", 
  "time": 25812
 }, 
 {
  "duration": 12, 
  "Text": "Disappearance 15", 
  "InteractionType": "Reading", 
  "ID": "Disappearance 15", 
  "time": 25813
 }, 
 {
  "duration": 15, 
  "Text": "Disappearance 15", 
  "InteractionType": "Draging", 
  "ID": "Disappearance 15", 
  "time": 25824
 }, 
 {
  "duration": 10, 
  "Text": "Still reading the last article", 
  "InteractionType": "Think_aloud", 
  "ID": 0, 
  "time": 26437
 }, 
 {
  "duration": 10, 
  "Text": "Still reading the last article", 
  "InteractionType": "Think_aloud", 
  "ID": 0, 
  "time": 27027
 }, 
 {
  "duration": 10, 
  "Text": ". By year since the death of Karel the guards of Kronos continue the mission to require that the instrument of government of Kronos a policy of transparency in businesses of government, and to hold responsible the alien companies which soiled the natural resources of Kronosian. ", 
  "InteractionType": "Highlight", 
  "ID": "Disappearance 15", 
  "time": 27384
 }, 
 {
  "duration": 374, 
  "Text": "Disappearance 15", 
  "InteractionType": "Reading", 
  "ID": "Disappearance 15", 
  "time": 27385
 }, 
 {
  "duration": 10, 
  "Text": "Seems the reason why the POK attacks foreign companies is that their are not protect their countries land and contaminating it. they ask government to regulate actions of foreign companies", 
  "InteractionType": "Think_aloud", 
  "ID": 0, 
  "time": 27387
 }, 
 {
  "duration": 125, 
  "Text": "Disappearance 15", 
  "InteractionType": "Draging", 
  "ID": "Disappearance 15", 
  "time": 27632
 }, 
 {
  "duration": 72, 
  "Text": "Disappearance 15", 
  "InteractionType": "Draging", 
  "ID": "Disappearance 15", 
  "time": 27790
 }, 
 {
  "duration": 14, 
  "Text": "Disappearance 91", 
  "InteractionType": "Draging", 
  "ID": "Disappearance 91", 
  "time": 27880
 }, 
 {
  "duration": 17, 
  "Text": "Disappearance 106", 
  "InteractionType": "Draging", 
  "ID": "Disappearance 106", 
  "time": 27904
 }, 
 {
  "duration": 13, 
  "Text": "Disappearance 54", 
  "InteractionType": "Draging", 
  "ID": "Disappearance 54", 
  "time": 27936
 }, 
 {
  "duration": 18, 
  "Text": "Disappearance 96", 
  "InteractionType": "Draging", 
  "ID": "Disappearance 96", 
  "time": 27958
 }, 
 {
  "duration": 11, 
  "Text": "Disappearance 73", 
  "InteractionType": "Draging", 
  "ID": "Disappearance 73", 
  "time": 27985
 }, 
 {
  "duration": 9, 
  "Text": "Disappearance 15", 
  "InteractionType": "Draging", 
  "ID": "Disappearance 15", 
  "time": 28005
 }, 
 {
  "duration": 16, 
  "Text": "Disappearance 25", 
  "InteractionType": "Draging", 
  "ID": "Disappearance 25", 
  "time": 28024
 }, 
 {
  "duration": 13, 
  "Text": "Disappearance 4", 
  "InteractionType": "Doc_open", 
  "ID": "Disappearance 4", 
  "time": 28080
 }, 
 {
  "duration": 5, 
  "Text": "Disappearance 4", 
  "InteractionType": "Doc_open", 
  "ID": "Disappearance 4", 
  "time": 28142
 }, 
 {
  "duration": 9, 
  "Text": "Disappearance 4", 
  "InteractionType": "Draging", 
  "ID": "Disappearance 4", 
  "time": 28168
 }, 
 {
  "duration": 24, 
  "Text": "Disappearance 29", 
  "InteractionType": "Draging", 
  "ID": "Disappearance 29", 
  "time": 28189
 }, 
 {
  "duration": 31, 
  "Text": "Disappearance 4", 
  "InteractionType": "Draging", 
  "ID": "Disappearance 4", 
  "time": 28222
 }, 
 {
  "duration": 48, 
  "Text": "Disappearance 29", 
  "InteractionType": "Draging", 
  "ID": "Disappearance 29", 
  "time": 28278
 }, 
 {
  "duration": 88, 
  "Text": "Disappearance 15", 
  "InteractionType": "Draging", 
  "ID": "Disappearance 15", 
  "time": 28337
 }, 
 {
  "duration": 150, 
  "Text": "Disappearance 15", 
  "InteractionType": "Draging", 
  "ID": "Disappearance 15", 
  "time": 28486
 }, 
 {
  "duration": 26, 
  "Text": "Disappearance 15", 
  "InteractionType": "Draging", 
  "ID": "Disappearance 15", 
  "time": 28656
 }, 
 {
  "duration": 10, 
  "Text": "Disappearance15,Disappearance25", 
  "InteractionType": "Connection", 
  "ID": "Disappearance15,Disappearance25", 
  "time": 28715
 }, 
 {
  "duration": 10, 
  "Text": "contamination", 
  "InteractionType": "Search", 
  "ID": 0, 
  "time": 28907
 }, 
 {
  "duration": 10, 
  "Text": "Disappearance 35", 
  "InteractionType": "Mouse_hover", 
  "ID": "Disappearance 35", 
  "time": 28968
 }, 
 {
  "duration": 8, 
  "Text": "Disappearance 35", 
  "InteractionType": "Draging", 
  "ID": "Disappearance 35", 
  "time": 28979
 }, 
 {
  "duration": 7, 
  "Text": "Disappearance 10", 
  "InteractionType": "Mouse_hover", 
  "ID": "Disappearance 10", 
  "time": 28994
 }, 
 {
  "duration": 9, 
  "Text": "Disappearance 37", 
  "InteractionType": "Mouse_hover", 
  "ID": "Disappearance 37", 
  "time": 29001
 }, 
 {
  "duration": 17, 
  "Text": "Disappearance 37", 
  "InteractionType": "Draging", 
  "ID": "Disappearance 37", 
  "time": 29011
 }, 
 {
  "duration": 35, 
  "Text": "Disappearance 68", 
  "InteractionType": "Mouse_hover", 
  "ID": "Disappearance 68", 
  "time": 29042
 }, 
 {
  "duration": 6, 
  "Text": "Disappearance 69", 
  "InteractionType": "Mouse_hover", 
  "ID": "Disappearance 69", 
  "time": 29077
 }, 
 {
  "duration": 33, 
  "Text": "Disappearance 99", 
  "InteractionType": "Mouse_hover", 
  "ID": "Disappearance 99", 
  "time": 29091
 }, 
 {
  "duration": 40, 
  "Text": "Disappearance 75", 
  "InteractionType": "Mouse_hover", 
  "ID": "Disappearance 75", 
  "time": 29134
 }, 
 {
  "duration": 17, 
  "Text": "Disappearance 125", 
  "InteractionType": "Mouse_hover", 
  "ID": "Disappearance 125", 
  "time": 29178
 }, 
 {
  "duration": 10, 
  "Text": "I'm trying to see what type of contamination is caused to the country", 
  "InteractionType": "Think_aloud", 
  "ID": 0, 
  "time": 29277
 }, 
 {
  "duration": 58, 
  "Text": "Disappearance 125", 
  "InteractionType": "Mouse_hover", 
  "ID": "Disappearance 125", 
  "time": 29282
 }, 
 {
  "duration": 12, 
  "Text": "Disappearance 110", 
  "InteractionType": "Mouse_hover", 
  "ID": "Disappearance 110", 
  "time": 29345
 }, 
 {
  "duration": 64, 
  "Text": "Disappearance 83", 
  "InteractionType": "Mouse_hover", 
  "ID": "Disappearance 83", 
  "time": 29358
 }, 
 {
  "duration": 16, 
  "Text": "Disappearance 150", 
  "InteractionType": "Mouse_hover", 
  "ID": "Disappearance 150", 
  "time": 29452
 }, 
 {
  "duration": 85, 
  "Text": "Disappearance 150", 
  "InteractionType": "Draging", 
  "ID": "Disappearance 150", 
  "time": 29469
 }, 
 {
  "duration": 10, 
  "Text": "This has been going for years. the first attampts goes back to 1998", 
  "InteractionType": "Think_aloud", 
  "ID": 0, 
  "time": 29517
 }, 
 {
  "duration": 800, 
  "Text": "Disappearance 150", 
  "InteractionType": "Doc_open", 
  "ID": "Disappearance 150", 
  "time": 29614
 }, 
 {
  "duration": 592, 
  "Text": "Disappearance 150", 
  "InteractionType": "Reading", 
  "ID": "Disappearance 150", 
  "time": 29615
 }, 
 {
  "duration": 0, 
  "Text": " (Looking for POK activities in the past) [top-down]", 
  "InteractionType": "Topic_change", 
  "ID": "top-down", 
  "time": 29627
 }, 
 {
  "duration": 21, 
  "Text": "Disappearance 150", 
  "InteractionType": "Reading", 
  "ID": "Disappearance 150", 
  "time": 30209
 }, 
 {
  "duration": 78, 
  "Text": "Disappearance 150", 
  "InteractionType": "Reading", 
  "ID": "Disappearance 150", 
  "time": 30246
 }, 
 {
  "duration": 10, 
  "Text": "The POK formed in 1997 from a grassroots action group in response to the pollution of the Elodis water supply and the resultant sickness and deaths of local residents over the subsequent several years.", 
  "InteractionType": "Highlight", 
  "ID": "Disappearance 150", 
  "time": 30338
 }, 
 {
  "duration": 50, 
  "Text": "Disappearance 150", 
  "InteractionType": "Draging", 
  "ID": "Disappearance 150", 
  "time": 30425
 }, 
 {
  "duration": 181, 
  "Text": "Disappearance 150", 
  "InteractionType": "Doc_open", 
  "ID": "Disappearance 150", 
  "time": 30534
 }, 
 {
  "duration": 10, 
  "Text": "Still reading the last article", 
  "InteractionType": "Think_aloud", 
  "ID": 0, 
  "time": 30587
 }, 
 {
  "duration": 10, 
  "Text": "They talk to minister of health in 1998. but what was the response?", 
  "InteractionType": "Think_aloud", 
  "ID": 0, 
  "time": 30667
 }, 
 {
  "duration": 36, 
  "Text": "Disappearance 150", 
  "InteractionType": "Draging", 
  "ID": "Disappearance 150", 
  "time": 30726
 }, 
 {
  "duration": 10, 
  "Text": "minister", 
  "InteractionType": "Search", 
  "ID": 0, 
  "time": 30859
 }, 
 {
  "duration": 9, 
  "Text": "Disappearance 61", 
  "InteractionType": "Mouse_hover", 
  "ID": "Disappearance 61", 
  "time": 30947
 }, 
 {
  "duration": 8, 
  "Text": "Disappearance 90", 
  "InteractionType": "Mouse_hover", 
  "ID": "Disappearance 90", 
  "time": 30959
 }, 
 {
  "duration": 23, 
  "Text": "Disappearance 94", 
  "InteractionType": "Mouse_hover", 
  "ID": "Disappearance 94", 
  "time": 30971
 }, 
 {
  "duration": 45, 
  "Text": "Disappearance 44", 
  "InteractionType": "Mouse_hover", 
  "ID": "Disappearance 44", 
  "time": 30999
 }, 
 {
  "duration": 6, 
  "Text": "Disappearance 21", 
  "InteractionType": "Mouse_hover", 
  "ID": "Disappearance 21", 
  "time": 31047
 }, 
 {
  "duration": 7, 
  "Text": "Disappearance 23", 
  "InteractionType": "Mouse_hover", 
  "ID": "Disappearance 23", 
  "time": 31062
 }, 
 {
  "duration": 7, 
  "Text": "Disappearance 75", 
  "InteractionType": "Mouse_hover", 
  "ID": "Disappearance 75", 
  "time": 31073
 }, 
 {
  "duration": 7, 
  "Text": "Disappearance 74", 
  "InteractionType": "Mouse_hover", 
  "ID": "Disappearance 74", 
  "time": 31081
 }, 
 {
  "duration": 30, 
  "Text": "Disappearance 75", 
  "InteractionType": "Mouse_hover", 
  "ID": "Disappearance 75", 
  "time": 31089
 }, 
 {
  "duration": 15, 
  "Text": "Disappearance 74", 
  "InteractionType": "Mouse_hover", 
  "ID": "Disappearance 74", 
  "time": 31134
 }, 
 {
  "duration": 8, 
  "Text": "Disappearance 142", 
  "InteractionType": "Mouse_hover", 
  "ID": "Disappearance 142", 
  "time": 31155
 }, 
 {
  "duration": 121, 
  "Text": "Disappearance 122", 
  "InteractionType": "Mouse_hover", 
  "ID": "Disappearance 122", 
  "time": 31168
 }, 
 {
  "duration": 120, 
  "Text": "Disappearance 74", 
  "InteractionType": "Mouse_hover", 
  "ID": "Disappearance 74", 
  "time": 31290
 }, 
 {
  "duration": 115, 
  "Text": "Disappearance 74", 
  "InteractionType": "Draging", 
  "ID": "Disappearance 74", 
  "time": 31411
 }, 
 {
  "duration": 62, 
  "Text": "Disappearance 56", 
  "InteractionType": "Draging", 
  "ID": "Disappearance 56", 
  "time": 31538
 }, 
 {
  "duration": 8, 
  "Text": "Disappearance 56", 
  "InteractionType": "Draging", 
  "ID": "Disappearance 56", 
  "time": 31633
 }, 
 {
  "duration": 5, 
  "Text": "Disappearance 56", 
  "InteractionType": "Doc_open", 
  "ID": "Disappearance 56", 
  "time": 31703
 }, 
 {
  "duration": 12, 
  "Text": "Disappearance 56", 
  "InteractionType": "Draging", 
  "ID": "Disappearance 56", 
  "time": 31729
 }, 
 {
  "duration": 8, 
  "Text": "Disappearance 74", 
  "InteractionType": "Mouse_hover", 
  "ID": "Disappearance 74", 
  "time": 31778
 }, 
 {
  "duration": 810, 
  "Text": "Disappearance 74", 
  "InteractionType": "Doc_open", 
  "ID": "Disappearance 74", 
  "time": 31787
 }, 
 {
  "duration": 553, 
  "Text": "Disappearance 74", 
  "InteractionType": "Reading", 
  "ID": "Disappearance 74", 
  "time": 31788
 }, 
 {
  "duration": 10, 
  "Text": " An update with health 1998 for all the report/ratio will be announced soon on the municipal Web site of Elodis. ", 
  "InteractionType": "Highlight", 
  "ID": "Disappearance 15", 
  "time": 32356
 }, 
 {
  "duration": 138, 
  "Text": "Disappearance 74", 
  "InteractionType": "Reading", 
  "ID": "Disappearance 74", 
  "time": 32358
 }, 
 {
  "duration": 10, 
  "Text": "Levels without precedent of toxins were found in supply water, including phenol, acetic anhydride, wire, and ethylene glycol. 2- The incidence of the chronic disease increased more than 89% of the former years 3- The exceptionally high incidence of cancer became thus about this minister of Nespola health appointed a specialist in oncology at the hospital general in Abila", 
  "InteractionType": "Highlight", 
  "ID": "Disappearance 74", 
  "time": 32521
 }, 
 {
  "duration": 37, 
  "Text": "Disappearance 74", 
  "InteractionType": "Draging", 
  "ID": "Disappearance 74", 
  "time": 32622
 }, 
 {
  "duration": 10, 
  "Text": "Even though the outcomes were extremly negative. the incident of chronic diseases increased more that 89% within 3 years. cancer and etc. because of contamination. He didn't do anything with the country", 
  "InteractionType": "Think_aloud", 
  "ID": 0, 
  "time": 32697
 }, 
 {
  "duration": 5, 
  "Text": "Disappearance 74", 
  "InteractionType": "Doc_open", 
  "ID": "Disappearance 74", 
  "time": 33114
 }, 
 {
  "duration": 21, 
  "Text": "Disappearance 74", 
  "InteractionType": "Draging", 
  "ID": "Disappearance 74", 
  "time": 33123
 }, 
 {
  "duration": 18, 
  "Text": "Disappearance 15", 
  "InteractionType": "Draging", 
  "ID": "Disappearance 15", 
  "time": 33153
 }, 
 {
  "duration": 12, 
  "Text": "Disappearance 150", 
  "InteractionType": "Draging", 
  "ID": "Disappearance 150", 
  "time": 33194
 }, 
 {
  "duration": 21, 
  "Text": "Disappearance 8", 
  "InteractionType": "Draging", 
  "ID": "Disappearance 8", 
  "time": 33261
 }, 
 {
  "duration": 30, 
  "Text": "Disappearance 74", 
  "InteractionType": "Draging", 
  "ID": "Disappearance 74", 
  "time": 33312
 }, 
 {
  "duration": 10, 
  "Text": "Disappearance150,Disappearance74", 
  "InteractionType": "Connection", 
  "ID": "Disappearance150,Disappearance74", 
  "time": 33373
 }, 
 {
  "duration": 62, 
  "Text": "Disappearance 61", 
  "InteractionType": "Draging", 
  "ID": "Disappearance 61", 
  "time": 33756
 }, 
 {
  "duration": 2754, 
  "Text": "Disappearance 61", 
  "InteractionType": "Doc_open", 
  "ID": "Disappearance 61", 
  "time": 33826
 }, 
 {
  "duration": 581, 
  "Text": "Disappearance 61", 
  "InteractionType": "Reading", 
  "ID": "Disappearance 61", 
  "time": 33827
 }, 
 {
  "duration": 10, 
  "Text": "Of ten years - old Juliana Vann died in 1998, to a sickness which is caused by polluted water of boring GAStech verrichtingen.", 
  "InteractionType": "Highlight", 
  "ID": "Disappearance 29", 
  "time": 34426
 }, 
 {
  "duration": 1722, 
  "Text": "Disappearance 61", 
  "InteractionType": "Reading", 
  "ID": "Disappearance 61", 
  "time": 34428
 }, 
 {
  "duration": 10, 
  "Text": "Still reading the last article", 
  "InteractionType": "Think_aloud", 
  "ID": 0, 
  "time": 34617
 }, 
 {
  "duration": 161, 
  "Text": "Disappearance 61", 
  "InteractionType": "Draging", 
  "ID": "Disappearance 61", 
  "time": 35013
 }, 
 {
  "duration": 10, 
  "Text": "I see now how the Edward is related with the POK and the first victim was Julian Vann back on 1991", 
  "InteractionType": "Think_aloud", 
  "ID": 0, 
  "time": 35017
 }, 
 {
  "duration": 10, 
  "Text": "Karel spoke eloquently concerning the beginning of the campaign POK as a basis effort for clean water, to the dynamic movement demanding better government transparency and duty of responsibility have become.", 
  "InteractionType": "Highlight", 
  "ID": "Disappearance 61", 
  "time": 36166
 }, 
 {
  "duration": 372, 
  "Text": "Disappearance 61", 
  "InteractionType": "Reading", 
  "ID": "Disappearance 61", 
  "time": 36167
 }, 
 {
  "duration": 5, 
  "Text": "Disappearance 61", 
  "InteractionType": "Doc_open", 
  "ID": "Disappearance 61", 
  "time": 36590
 }, 
 {
  "duration": 29, 
  "Text": "Disappearance 61", 
  "InteractionType": "Draging", 
  "ID": "Disappearance 61", 
  "time": 36604
 }, 
 {
  "duration": 12, 
  "Text": "Disappearance 96", 
  "InteractionType": "Draging", 
  "ID": "Disappearance 96", 
  "time": 36644
 }, 
 {
  "duration": 14, 
  "Text": "Disappearance 61", 
  "InteractionType": "Draging", 
  "ID": "Disappearance 61", 
  "time": 36667
 }, 
 {
  "duration": 10, 
  "Text": "Disappearance74,Disappearance61", 
  "InteractionType": "Connection", 
  "ID": "Disappearance74,Disappearance61", 
  "time": 36704
 }, 
 {
  "duration": 18, 
  "Text": "Disappearance 61", 
  "InteractionType": "Draging", 
  "ID": "Disappearance 61", 
  "time": 36718
 }, 
 {
  "duration": 11, 
  "Text": "Disappearance 15", 
  "InteractionType": "Draging", 
  "ID": "Disappearance 15", 
  "time": 36744
 }, 
 {
  "duration": 10, 
  "Text": "The reason they were in rage was because the government wes not telling them how they are spending their tax money", 
  "InteractionType": "Think_aloud", 
  "ID": 0, 
  "time": 36837
 }, 
 {
  "duration": 79, 
  "Text": "Disappearance 61", 
  "InteractionType": "Draging", 
  "ID": "Disappearance 61", 
  "time": 36897
 }, 
 {
  "duration": 27, 
  "Text": "Disappearance 15", 
  "InteractionType": "Draging", 
  "ID": "Disappearance 15", 
  "time": 37036
 }, 
 {
  "duration": 10, 
  "Text": "At least now I know why the POK was doing that", 
  "InteractionType": "Think_aloud", 
  "ID": 0, 
  "time": 37157
 }, 
 {
  "duration": 0, 
  "Text": " (Looking for violence traces in POK ) [top-down]", 
  "InteractionType": "Topic_change", 
  "ID": "top-down", 
  "time": 37277
 }, 
 {
  "duration": 10, 
  "Text": "riot", 
  "InteractionType": "Search", 
  "ID": 0, 
  "time": 37322
 }, 
 {
  "duration": 10, 
  "Text": "Let's see when the first riot happend", 
  "InteractionType": "Think_aloud", 
  "ID": 0, 
  "time": 37367
 }, 
 {
  "duration": 14, 
  "Text": "Disappearance 123", 
  "InteractionType": "Mouse_hover", 
  "ID": "Disappearance 123", 
  "time": 37394
 }, 
 {
  "duration": 42, 
  "Text": "Disappearance 123", 
  "InteractionType": "Draging", 
  "ID": "Disappearance 123", 
  "time": 37409
 }, 
 {
  "duration": 25, 
  "Text": "Disappearance 144", 
  "InteractionType": "Mouse_hover", 
  "ID": "Disappearance 144", 
  "time": 37481
 }, 
 {
  "duration": 15, 
  "Text": "Disappearance 86", 
  "InteractionType": "Mouse_hover", 
  "ID": "Disappearance 86", 
  "time": 37513
 }, 
 {
  "duration": 13, 
  "Text": "Disappearance 62", 
  "InteractionType": "Mouse_hover", 
  "ID": "Disappearance 62", 
  "time": 37528
 }, 
 {
  "duration": 15, 
  "Text": "Disappearance 128", 
  "InteractionType": "Mouse_hover", 
  "ID": "Disappearance 128", 
  "time": 37547
 }, 
 {
  "duration": 28, 
  "Text": "Disappearance 132", 
  "InteractionType": "Mouse_hover", 
  "ID": "Disappearance 132", 
  "time": 37574
 }, 
 {
  "duration": 112, 
  "Text": "Disappearance 86", 
  "InteractionType": "Mouse_hover", 
  "ID": "Disappearance 86", 
  "time": 37605
 }, 
 {
  "duration": 25, 
  "Text": "Disappearance 144", 
  "InteractionType": "Draging", 
  "ID": "Disappearance 144", 
  "time": 37740
 }, 
 {
  "duration": 288, 
  "Text": "Disappearance 144", 
  "InteractionType": "Doc_open", 
  "ID": "Disappearance 144", 
  "time": 37769
 }, 
 {
  "duration": 215, 
  "Text": "Disappearance 144", 
  "InteractionType": "Reading", 
  "ID": "Disappearance 144", 
  "time": 37770
 }, 
 {
  "duration": 52, 
  "Text": "Disappearance 144", 
  "InteractionType": "Draging", 
  "ID": "Disappearance 144", 
  "time": 37979
 }, 
 {
  "duration": 10, 
  "Text": "They would annualy do it right", 
  "InteractionType": "Think_aloud", 
  "ID": 0, 
  "time": 37987
 }, 
 {
  "duration": 11, 
  "Text": "Disappearance 144", 
  "InteractionType": "Draging", 
  "ID": "Disappearance 144", 
  "time": 38037
 }, 
 {
  "duration": 12, 
  "Text": "Disappearance 144", 
  "InteractionType": "Draging", 
  "ID": "Disappearance 144", 
  "time": 38069
 }, 
 {
  "duration": 10, 
  "Text": "GAStech contamination ", 
  "InteractionType": "Search", 
  "ID": 0, 
  "time": 38561
 }, 
 {
  "duration": 10, 
  "Text": "contamination ", 
  "InteractionType": "Search", 
  "ID": 0, 
  "time": 38713
 }, 
 {
  "duration": 15, 
  "Text": "Disappearance 110", 
  "InteractionType": "Draging", 
  "ID": "Disappearance 110", 
  "time": 38792
 }, 
 {
  "duration": 25, 
  "Text": "Disappearance 77", 
  "InteractionType": "Mouse_hover", 
  "ID": "Disappearance 77", 
  "time": 38815
 }, 
 {
  "duration": 10, 
  "Text": "Disappearance 78", 
  "InteractionType": "Mouse_hover", 
  "ID": "Disappearance 78", 
  "time": 38840
 }, 
 {
  "duration": 17, 
  "Text": "Disappearance 77", 
  "InteractionType": "Mouse_hover", 
  "ID": "Disappearance 77", 
  "time": 38850
 }, 
 {
  "duration": 13, 
  "Text": "Disappearance 62", 
  "InteractionType": "Mouse_hover", 
  "ID": "Disappearance 62", 
  "time": 38875
 }, 
 {
  "duration": 17, 
  "Text": "Disappearance 37", 
  "InteractionType": "Mouse_hover", 
  "ID": "Disappearance 37", 
  "time": 38889
 }, 
 {
  "duration": 9, 
  "Text": "Disappearance 37", 
  "InteractionType": "Draging", 
  "ID": "Disappearance 37", 
  "time": 38907
 }, 
 {
  "duration": 11, 
  "Text": "Disappearance 99", 
  "InteractionType": "Mouse_hover", 
  "ID": "Disappearance 99", 
  "time": 38929
 }, 
 {
  "duration": 8, 
  "Text": "Disappearance 99", 
  "InteractionType": "Draging", 
  "ID": "Disappearance 99", 
  "time": 38941
 }, 
 {
  "duration": 17, 
  "Text": "Disappearance 97", 
  "InteractionType": "Mouse_hover", 
  "ID": "Disappearance 97", 
  "time": 38951
 }, 
 {
  "duration": 15, 
  "Text": "Disappearance 75", 
  "InteractionType": "Mouse_hover", 
  "ID": "Disappearance 75", 
  "time": 38973
 }, 
 {
  "duration": 81, 
  "Text": "Disappearance 125", 
  "InteractionType": "Mouse_hover", 
  "ID": "Disappearance 125", 
  "time": 38995
 }, 
 {
  "duration": 18, 
  "Text": "Disappearance 110", 
  "InteractionType": "Draging", 
  "ID": "Disappearance 110", 
  "time": 39084
 }, 
 {
  "duration": 1775, 
  "Text": "Disappearance 110", 
  "InteractionType": "Doc_open", 
  "ID": "Disappearance 110", 
  "time": 39110
 }, 
 {
  "duration": 618, 
  "Text": "Disappearance 110", 
  "InteractionType": "Reading", 
  "ID": "Disappearance 110", 
  "time": 39111
 }, 
 {
  "duration": 10, 
  "Text": " a blue flame of the Jr of the tri-part that is evocative of a leaf to help to the GAStech position and its products as alternative clean of the fuel", 
  "InteractionType": "Highlight", 
  "ID": "Disappearance 15", 
  "time": 39742
 }, 
 {
  "duration": 409, 
  "Text": "Disappearance 110", 
  "InteractionType": "Reading", 
  "ID": "Disappearance 110", 
  "time": 39742
 }, 
 {
  "duration": 10, 
  "Text": "GAStech that the international blue flame is a light that hold of the environmental responsibility, and a symbol of a clean business of the energy that moved ahead. ", 
  "InteractionType": "Highlight", 
  "ID": "Disappearance 110", 
  "time": 40165
 }, 
 {
  "duration": 439, 
  "Text": "Disappearance 110", 
  "InteractionType": "Reading", 
  "ID": "Disappearance 110", 
  "time": 40166
 }, 
 {
  "duration": 10, 
  "Text": "Sten Sanjorge, Jr declined to directly comment with respect to questions with respect protests and to the contamination of environment.", 
  "InteractionType": "Highlight", 
  "ID": "Disappearance 110", 
  "time": 40621
 }, 
 {
  "duration": 94, 
  "Text": "Disappearance 110", 
  "InteractionType": "Reading", 
  "ID": "Disappearance 110", 
  "time": 40642
 }, 
 {
  "duration": 84, 
  "Text": "Disappearance 110", 
  "InteractionType": "Reading", 
  "ID": "Disappearance 110", 
  "time": 40740
 }, 
 {
  "duration": 11, 
  "Text": "Disappearance 110", 
  "InteractionType": "Reading", 
  "ID": "Disappearance 110", 
  "time": 40832
 }, 
 {
  "duration": 64, 
  "Text": "Disappearance 110", 
  "InteractionType": "Draging", 
  "ID": "Disappearance 110", 
  "time": 40896
 }, 
 {
  "duration": 24, 
  "Text": "Disappearance 110", 
  "InteractionType": "Draging", 
  "ID": "Disappearance 110", 
  "time": 40969
 }, 
 {
  "duration": 10, 
  "Text": "What would the company hire someone that could potentially be related to one of the victimes of the contamination as head of security?", 
  "InteractionType": "Think_aloud", 
  "ID": 0, 
  "time": 41127
 }, 
 {
  "duration": 10, 
  "Text": "Although he says he was not related with the kidnaping. why did they monitor where he went afterwards?", 
  "InteractionType": "Think_aloud", 
  "ID": 0, 
  "time": 41447
 }, 
 {
  "duration": 20, 
  "Text": "Disappearance 73", 
  "InteractionType": "Draging", 
  "ID": "Disappearance 73", 
  "time": 41800
 }, 
 {
  "duration": 22, 
  "Text": "Disappearance 110", 
  "InteractionType": "Draging", 
  "ID": "Disappearance 110", 
  "time": 41891
 }, 
 {
  "duration": 6, 
  "Text": "Disappearance 150", 
  "InteractionType": "Draging", 
  "ID": "Disappearance 150", 
  "time": 41925
 }, 
 {
  "duration": 11, 
  "Text": "Disappearance 74", 
  "InteractionType": "Draging", 
  "ID": "Disappearance 74", 
  "time": 41946
 }, 
 {
  "duration": 32, 
  "Text": "Disappearance 110", 
  "InteractionType": "Draging", 
  "ID": "Disappearance 110", 
  "time": 41991
 }, 
 {
  "duration": 8, 
  "Text": "Disappearance 98", 
  "InteractionType": "Mouse_hover", 
  "ID": "Disappearance 98", 
  "time": 42096
 }, 
 {
  "duration": 21, 
  "Text": "Disappearance 23", 
  "InteractionType": "Mouse_hover", 
  "ID": "Disappearance 23", 
  "time": 42105
 }, 
 {
  "duration": 39, 
  "Text": "Disappearance 19", 
  "InteractionType": "Mouse_hover", 
  "ID": "Disappearance 19", 
  "time": 42133
 }, 
 {
  "duration": 19, 
  "Text": "Disappearance 18", 
  "InteractionType": "Mouse_hover", 
  "ID": "Disappearance 18", 
  "time": 42172
 }, 
 {
  "duration": 8, 
  "Text": "Disappearance 17", 
  "InteractionType": "Mouse_hover", 
  "ID": "Disappearance 17", 
  "time": 42191
 }, 
 {
  "duration": 6, 
  "Text": "Disappearance 12", 
  "InteractionType": "Mouse_hover", 
  "ID": "Disappearance 12", 
  "time": 42208
 }, 
 {
  "duration": 26, 
  "Text": "Disappearance 11", 
  "InteractionType": "Mouse_hover", 
  "ID": "Disappearance 11", 
  "time": 42214
 }, 
 {
  "duration": 16, 
  "Text": "Disappearance 10", 
  "InteractionType": "Mouse_hover", 
  "ID": "Disappearance 10", 
  "time": 42240
 }, 
 {
  "duration": 19, 
  "Text": "Disappearance 10", 
  "InteractionType": "Mouse_hover", 
  "ID": "Disappearance 10", 
  "time": 42265
 }, 
 {
  "duration": 21, 
  "Text": "Disappearance 6", 
  "InteractionType": "Mouse_hover", 
  "ID": "Disappearance 6", 
  "time": 42294
 }, 
 {
  "duration": 79, 
  "Text": "Disappearance 10", 
  "InteractionType": "Mouse_hover", 
  "ID": "Disappearance 10", 
  "time": 42318
 }, 
 {
  "duration": 37, 
  "Text": "Disappearance 11", 
  "InteractionType": "Mouse_hover", 
  "ID": "Disappearance 11", 
  "time": 42419
 }, 
 {
  "duration": 72, 
  "Text": "Disappearance 31", 
  "InteractionType": "Mouse_hover", 
  "ID": "Disappearance 31", 
  "time": 42463
 }, 
 {
  "duration": 114, 
  "Text": "Disappearance 144", 
  "InteractionType": "Mouse_hover", 
  "ID": "Disappearance 144", 
  "time": 42644
 }, 
 {
  "duration": 21, 
  "Text": "Disappearance 31", 
  "InteractionType": "Draging", 
  "ID": "Disappearance 31", 
  "time": 42774
 }, 
 {
  "duration": 2397, 
  "Text": "Disappearance 31", 
  "InteractionType": "Doc_open", 
  "ID": "Disappearance 31", 
  "time": 42804
 }, 
 {
  "duration": 10, 
  "Text": "Disappearance 31", 
  "InteractionType": "Reading", 
  "ID": "Disappearance 31", 
  "time": 42805
 }, 
 {
  "duration": 86, 
  "Text": "Disappearance 31", 
  "InteractionType": "Draging", 
  "ID": "Disappearance 31", 
  "time": 42814
 }, 
 {
  "duration": 10, 
  "Text": "It was the second riot in the same year afew months later", 
  "InteractionType": "Think_aloud", 
  "ID": 0, 
  "time": 42867
 }, 
 {
  "duration": 10, 
  "Text": "Still reading the last article", 
  "InteractionType": "Think_aloud", 
  "ID": 0, 
  "time": 43527
 }, 
 {
  "duration": 10, 
  "Text": "People protest because they suffer, because they have no medical aid. We require the government, Terek Kamal, a truck driver, told The Times resign.", 
  "InteractionType": "Highlight", 
  "ID": "Disappearance 31", 
  "time": 43789
 }, 
 {
  "duration": 31, 
  "Text": "Disappearance 31", 
  "InteractionType": "Reading", 
  "ID": "Disappearance 31", 
  "time": 43790
 }, 
 {
  "duration": 10, 
  "Text": "So it has been more than 10 years that they still haven't received anything from government", 
  "InteractionType": "Think_aloud", 
  "ID": 0, 
  "time": 43887
 }, 
 {
  "duration": 726, 
  "Text": "Disappearance 31", 
  "InteractionType": "Reading", 
  "ID": "Disappearance 31", 
  "time": 43921
 }, 
 {
  "duration": 10, 
  "Text": "Still reading the last article", 
  "InteractionType": "Think_aloud", 
  "ID": 0, 
  "time": 44537
 }, 
 {
  "duration": 10, 
  "Text": "Hundreds rural citizens suffer from important sicknesses which are apparently caused by exhibition to GAStech waste streams, although this no official gesubstanti\u00ebrd have been or recognize by or the company or government.", 
  "InteractionType": "Highlight", 
  "ID": "Disappearance 31", 
  "time": 44662
 }, 
 {
  "duration": 468, 
  "Text": "Disappearance 31", 
  "InteractionType": "Reading", 
  "ID": "Disappearance 31", 
  "time": 44663
 }, 
 {
  "duration": 10, 
  "Text": "The populiation knows that Gastech wastes cost them all the sickness. yet the company denies it", 
  "InteractionType": "Think_aloud", 
  "ID": 0, 
  "time": 44787
 }, 
 {
  "duration": 10, 
  "Text": "nitially peaceful, this protest is more and more violent, and both the police force and the citizens is now caught in sometimes fatal cross fire.", 
  "InteractionType": "Highlight", 
  "ID": "Disappearance 31", 
  "time": 45148
 }, 
 {
  "duration": 38, 
  "Text": "Disappearance 31", 
  "InteractionType": "Reading", 
  "ID": "Disappearance 31", 
  "time": 45152
 }, 
 {
  "duration": 10, 
  "Text": "Initially they started with peacful protesting and after years they have been started using violence to get their voice heared", 
  "InteractionType": "Think_aloud", 
  "ID": 0, 
  "time": 45217
 }, 
 {
  "duration": 108, 
  "Text": "Disappearance 31", 
  "InteractionType": "Draging", 
  "ID": "Disappearance 31", 
  "time": 45602
 }, 
 {
  "duration": 10, 
  "Text": "headquaters", 
  "InteractionType": "Search", 
  "ID": 0, 
  "time": 45860
 }, 
 {
  "duration": 10, 
  "Text": "headquater", 
  "InteractionType": "Search", 
  "ID": 0, 
  "time": 45904
 }, 
 {
  "duration": 10, 
  "Text": "head", 
  "InteractionType": "Search", 
  "ID": 0, 
  "time": 45982
 }, 
 {
  "duration": 0, 
  "Text": " (Looking for interactions between POK and governmenr) [top-down]", 
  "InteractionType": "Topic_change", 
  "ID": "top-down", 
  "time": 45987
 }, 
 {
  "duration": 32, 
  "Text": "Disappearance 121", 
  "InteractionType": "Mouse_hover", 
  "ID": "Disappearance 121", 
  "time": 46066
 }, 
 {
  "duration": 19, 
  "Text": "Disappearance 125", 
  "InteractionType": "Mouse_hover", 
  "ID": "Disappearance 125", 
  "time": 46123
 }, 
 {
  "duration": 27, 
  "Text": "Disappearance 76", 
  "InteractionType": "Mouse_hover", 
  "ID": "Disappearance 76", 
  "time": 46147
 }, 
 {
  "duration": 11, 
  "Text": "Disappearance 131", 
  "InteractionType": "Mouse_hover", 
  "ID": "Disappearance 131", 
  "time": 46174
 }, 
 {
  "duration": 14, 
  "Text": "Disappearance 127", 
  "InteractionType": "Mouse_hover", 
  "ID": "Disappearance 127", 
  "time": 46189
 }, 
 {
  "duration": 32, 
  "Text": "Disappearance 128", 
  "InteractionType": "Mouse_hover", 
  "ID": "Disappearance 128", 
  "time": 46203
 }, 
 {
  "duration": 31, 
  "Text": "Disappearance 78", 
  "InteractionType": "Mouse_hover", 
  "ID": "Disappearance 78", 
  "time": 46239
 }, 
 {
  "duration": 24, 
  "Text": "Disappearance 53", 
  "InteractionType": "Mouse_hover", 
  "ID": "Disappearance 53", 
  "time": 46270
 }, 
 {
  "duration": 11, 
  "Text": "Disappearance 78", 
  "InteractionType": "Mouse_hover", 
  "ID": "Disappearance 78", 
  "time": 46294
 }, 
 {
  "duration": 24, 
  "Text": "Disappearance 3", 
  "InteractionType": "Mouse_hover", 
  "ID": "Disappearance 3", 
  "time": 46310
 }, 
 {
  "duration": 17, 
  "Text": "Disappearance 5", 
  "InteractionType": "Mouse_hover", 
  "ID": "Disappearance 5", 
  "time": 46350
 }, 
 {
  "duration": 15, 
  "Text": "Disappearance 41", 
  "InteractionType": "Mouse_hover", 
  "ID": "Disappearance 41", 
  "time": 46370
 }, 
 {
  "duration": 6, 
  "Text": "Disappearance 16", 
  "InteractionType": "Mouse_hover", 
  "ID": "Disappearance 16", 
  "time": 46385
 }, 
 {
  "duration": 13, 
  "Text": "Disappearance 20", 
  "InteractionType": "Mouse_hover", 
  "ID": "Disappearance 20", 
  "time": 46397
 }, 
 {
  "duration": 13, 
  "Text": "Disappearance 127", 
  "InteractionType": "Mouse_hover", 
  "ID": "Disappearance 127", 
  "time": 46432
 }, 
 {
  "duration": 23, 
  "Text": "Disappearance 132", 
  "InteractionType": "Mouse_hover", 
  "ID": "Disappearance 132", 
  "time": 46446
 }, 
 {
  "duration": 118, 
  "Text": "Disappearance 127", 
  "InteractionType": "Mouse_hover", 
  "ID": "Disappearance 127", 
  "time": 46470
 }, 
 {
  "duration": 1325, 
  "Text": "Disappearance 127", 
  "InteractionType": "Doc_open", 
  "ID": "Disappearance 127", 
  "time": 46589
 }, 
 {
  "duration": 1314, 
  "Text": "Disappearance 127", 
  "InteractionType": "Reading", 
  "ID": "Disappearance 127", 
  "time": 46590
 }, 
 {
  "duration": 18, 
  "Text": "Disappearance 127", 
  "InteractionType": "Draging", 
  "ID": "Disappearance 127", 
  "time": 46597
 }, 
 {
  "duration": 10, 
  "Text": "Still reading the last article", 
  "InteractionType": "Think_aloud", 
  "ID": 0, 
  "time": 46967
 }, 
 {
  "duration": 18, 
  "Text": "Disappearance 127", 
  "InteractionType": "Draging", 
  "ID": "Disappearance 127", 
  "time": 47929
 }, 
 {
  "duration": 7, 
  "Text": "Disappearance 125", 
  "InteractionType": "Mouse_hover", 
  "ID": "Disappearance 125", 
  "time": 48032
 }, 
 {
  "duration": 26, 
  "Text": "Disappearance 125", 
  "InteractionType": "Draging", 
  "ID": "Disappearance 125", 
  "time": 48040
 }, 
 {
  "duration": 2879, 
  "Text": "Disappearance 125", 
  "InteractionType": "Doc_open", 
  "ID": "Disappearance 125", 
  "time": 48086
 }, 
 {
  "duration": 790, 
  "Text": "Disappearance 125", 
  "InteractionType": "Reading", 
  "ID": "Disappearance 125", 
  "time": 48087
 }, 
 {
  "duration": 10, 
  "Text": "Still reading the last article", 
  "InteractionType": "Think_aloud", 
  "ID": 0, 
  "time": 48677
 }, 
 {
  "duration": 37, 
  "Text": "Disappearance 125", 
  "InteractionType": "Reading", 
  "ID": "Disappearance 125", 
  "time": 48881
 }, 
 {
  "duration": 10, 
  "Text": "Influenced by international groups such as Wellness for All ", 
  "InteractionType": "Highlight", 
  "ID": "Disappearance 125", 
  "time": 48930
 }, 
 {
  "duration": 608, 
  "Text": "Disappearance 125", 
  "InteractionType": "Reading", 
  "ID": "Disappearance 125", 
  "time": 48932
 }, 
 {
  "duration": 10, 
  "Text": "Still reading the last article", 
  "InteractionType": "Think_aloud", 
  "ID": 0, 
  "time": 49427
 }, 
 {
  "duration": 10, 
  "Text": "Kronos would notify Tethys who had signed a 1998 anti-terrorism treaty of the decision, ", 
  "InteractionType": "Highlight", 
  "ID": "Disappearance 125", 
  "time": 49554
 }, 
 {
  "duration": 325, 
  "Text": "Disappearance 125", 
  "InteractionType": "Reading", 
  "ID": "Disappearance 125", 
  "time": 49556
 }, 
 {
  "duration": 10, 
  "Text": "ed. \nPOK supporters. The POK has denied being responsible for the attack, and accused the Kronos government of staging a frame-up to silence the groups concerns for the people.", 
  "InteractionType": "Highlight", 
  "ID": "Disappearance 125", 
  "time": 49896
 }, 
 {
  "duration": 21, 
  "Text": "Disappearance 125", 
  "InteractionType": "Reading", 
  "ID": "Disappearance 125", 
  "time": 49898
 }, 
 {
  "duration": 833, 
  "Text": "Disappearance 125", 
  "InteractionType": "Reading", 
  "ID": "Disappearance 125", 
  "time": 49920
 }, 
 {
  "duration": 10, 
  "Text": "In 2009 POK bombed the polics headquarters of the city aliba. The gvernment claims the POK was responsible for the bombing. but POK denies it", 
  "InteractionType": "Think_aloud", 
  "ID": 0, 
  "time": 49947
 }, 
 {
  "duration": 10, 
  "Text": "POK could have also done the attack after all peacfull protest they have. they were never heard answer", 
  "InteractionType": "Think_aloud", 
  "ID": 0, 
  "time": 50517
 }, 
 {
  "duration": 22, 
  "Text": "Disappearance 125", 
  "InteractionType": "Reading", 
  "ID": "Disappearance 125", 
  "time": 50758
 }, 
 {
  "duration": 22, 
  "Text": "Disappearance 125", 
  "InteractionType": "Reading", 
  "ID": "Disappearance 125", 
  "time": 50780
 }, 
 {
  "duration": 24, 
  "Text": "Disappearance 125", 
  "InteractionType": "Reading", 
  "ID": "Disappearance 125", 
  "time": 50807
 }, 
 {
  "duration": 119, 
  "Text": "Disappearance 125", 
  "InteractionType": "Reading", 
  "ID": "Disappearance 125", 
  "time": 50833
 }, 
 {
  "duration": 102, 
  "Text": "Disappearance 125", 
  "InteractionType": "Draging", 
  "ID": "Disappearance 125", 
  "time": 50838
 }, 
 {
  "duration": 61, 
  "Text": "Disappearance 125", 
  "InteractionType": "Draging", 
  "ID": "Disappearance 125", 
  "time": 50979
 }, 
 {
  "duration": 10, 
  "Text": "Reading the highlights", 
  "InteractionType": "Think_aloud", 
  "ID": 0, 
  "time": 51297
 }, 
 {
  "duration": 9, 
  "Text": "Disappearance 117", 
  "InteractionType": "Mouse_hover", 
  "ID": "Disappearance 117", 
  "time": 51473
 }, 
 {
  "duration": 49, 
  "Text": "Disappearance 118", 
  "InteractionType": "Mouse_hover", 
  "ID": "Disappearance 118", 
  "time": 51482
 }, 
 {
  "duration": 20, 
  "Text": "Disappearance 117", 
  "InteractionType": "Draging", 
  "ID": "Disappearance 117", 
  "time": 51537
 }, 
 {
  "duration": 3518, 
  "Text": "Disappearance 117", 
  "InteractionType": "Doc_open", 
  "ID": "Disappearance 117", 
  "time": 51568
 }, 
 {
  "duration": 804, 
  "Text": "Disappearance 117", 
  "InteractionType": "Reading", 
  "ID": "Disappearance 117", 
  "time": 51569
 }, 
 {
  "duration": 87, 
  "Text": "Disappearance 117", 
  "InteractionType": "Reading", 
  "ID": "Disappearance 117", 
  "time": 52377
 }, 
 {
  "duration": 10, 
  "Text": "the guards of Kronos", 
  "InteractionType": "Highlight", 
  "ID": "Disappearance 117", 
  "time": 52495
 }, 
 {
  "duration": 182, 
  "Text": "Disappearance 117", 
  "InteractionType": "Reading", 
  "ID": "Disappearance 117", 
  "time": 52497
 }, 
 {
  "duration": 10, 
  "Text": "The Protectors of Kronis also called by the name of gaurds of Kronos", 
  "InteractionType": "Think_aloud", 
  "ID": 0, 
  "time": 52647
 }, 
 {
  "duration": 10, 
  "Text": "guards of", 
  "InteractionType": "Search", 
  "ID": 0, 
  "time": 52819
 }, 
 {
  "duration": 6, 
  "Text": "Disappearance 127", 
  "InteractionType": "Mouse_hover", 
  "ID": "Disappearance 127", 
  "time": 52922
 }, 
 {
  "duration": 12, 
  "Text": "Disappearance 77", 
  "InteractionType": "Mouse_hover", 
  "ID": "Disappearance 77", 
  "time": 52938
 }, 
 {
  "duration": 24, 
  "Text": "Disappearance 77", 
  "InteractionType": "Draging", 
  "ID": "Disappearance 77", 
  "time": 52951
 }, 
 {
  "duration": 21, 
  "Text": "Disappearance 117", 
  "InteractionType": "Reading", 
  "ID": "Disappearance 117", 
  "time": 52998
 }, 
 {
  "duration": 10, 
  "Text": "Disappearance 117", 
  "InteractionType": "Reading", 
  "ID": "Disappearance 117", 
  "time": 53022
 }, 
 {
  "duration": 7, 
  "Text": "Disappearance 77", 
  "InteractionType": "Mouse_hover", 
  "ID": "Disappearance 77", 
  "time": 53034
 }, 
 {
  "duration": 2030, 
  "Text": "Disappearance 77", 
  "InteractionType": "Doc_open", 
  "ID": "Disappearance 77", 
  "time": 53056
 }, 
 {
  "duration": 8, 
  "Text": "Disappearance 77", 
  "InteractionType": "Reading", 
  "ID": "Disappearance 77", 
  "time": 53057
 }, 
 {
  "duration": 309, 
  "Text": "Disappearance 77", 
  "InteractionType": "Draging", 
  "ID": "Disappearance 77", 
  "time": 53063
 }, 
 {
  "duration": 10, 
  "Text": "an official report/ratio released by Sten Sanjorge, president de Jr. and PRESIDENT de international GASTech, condemns the guards of Kronos like illegitimate and organization of terrorist. ", 
  "InteractionType": "Highlight", 
  "ID": "Disappearance 77", 
  "time": 53489
 }, 
 {
  "duration": 25, 
  "Text": "Disappearance 77", 
  "InteractionType": "Reading", 
  "ID": "Disappearance 77", 
  "time": 53491
 }, 
 {
  "duration": 645, 
  "Text": "Disappearance 77", 
  "InteractionType": "Reading", 
  "ID": "Disappearance 77", 
  "time": 53529
 }, 
 {
  "duration": 10, 
  "Text": " Ten protesters of POK were connected with the door of GAStech - Kronos except the entry with the building.", 
  "InteractionType": "Highlight", 
  "ID": "Disappearance 77", 
  "time": 54189
 }, 
 {
  "duration": 702, 
  "Text": "Disappearance 77", 
  "InteractionType": "Reading", 
  "ID": "Disappearance 77", 
  "time": 54191
 }, 
 {
  "duration": 13, 
  "Text": "Disappearance 77", 
  "InteractionType": "Reading", 
  "ID": "Disappearance 77", 
  "time": 54914
 }, 
 {
  "duration": 6, 
  "Text": "Disappearance 141", 
  "InteractionType": "Mouse_hover", 
  "ID": "Disappearance 141", 
  "time": 54986
 }
]